#OTU ID,AC-GL3-0-2-1,AC-GL3-0-2-14,AC-GL3-0-2-18,AC-GL3-0-2-19,AC-GL3-0-2-3,AC-GL3-0-2-4,AC-GL3-0-2-6,AC-GL3-0-2-7,AC-GL3-0-2-9,AC-GL3-2-7-1,AC-GL3-2-7-14,AC-GL3-2-7-18,AC-GL3-2-7-19,AC-GL3-2-7-3,AC-GL3-2-7-4,AC-GL3-2-7-6,AC-GL3-2-7-7,AC-GL3-2-7-9,AC-GL4-102,AC-GL4-102C,AC-GL4-50,AC-GL4-50C,AC-GL4-54C,AC-GL4-60,AC-GL4-60C,AC-GL4-61,AC-GL4-61C,AC-GL4-69,AC-GL4-69C,AC-GL4-70,AC-GL4-70C,AC-GL4-71,AC-GL4-71C,AC-GL4-73,AC-GL4-73C
D_0__Archaea;D_1__Altiarchaeota;D_2__Altiarchaeia;D_3__uncultured archaeon;D_4__uncultured archaeon;D_5__uncultured archaeon;D_6__uncultured archaeon,3,0,10,0,21,0,0,0,0,0,0,0,0,11,0,0,0,0,0,0,0,3,0,0,0,0,3,0,0,0,0,0,0,0,4
D_0__Archaea;D_1__Crenarchaeota;D_2__Bathyarchaeia;D_3__uncultured methanogenic archaeon;D_4__uncultured methanogenic archaeon;D_5__uncultured methanogenic archaeon;D_6__uncultured methanogenic archaeon,0,0,7,0,18,0,0,0,0,0,0,0,0,0,3,0,0,0,0,0,0,0,0,0,0,0,0,0,0,0,0,0,0,0,0
D_0__Archaea;D_1__Crenarchaeota;D_2__Bathyarchaeia;__;__;__;__,0,0,0,0,13,0,0,0,0,0,0,0,0,0,0,0,0,0,0,0,3,0,0,0,0,0,0,0,0,0,0,0,0,0,0
D_0__Archaea;D_1__Euryarchaeota;D_2__Thermococci;D_3__Methanofastidiosales;D_4__uncultured;D_5__uncultured bacterium;D_6__uncultured bacterium,0,0,0,0,21,0,0,0,0,0,0,0,0,62,0,0,0,0,0,0,7,0,0,0,0,9,0,0,0,3,0,0,0,0,3
D_0__Archaea;D_1__Nanoarchaeaeota;D_2__Woesearchaeia;D_3__Candidatus Diapherotrites archaeon ADurb.Bin253;D_4__Candidatus Diapherotrites archaeon ADurb.Bin253;D_5__Candidatus Diapherotrites archaeon ADurb.Bin253;D_6__Candidatus Diapherotrites archaeon ADurb.Bin253,4,0,7,0,0,0,0,0,0,0,0,0,0,15,0,0,0,0,0,0,0,0,0,6,0,0,10,0,0,0,0,0,0,0,0
D_0__Archaea;D_1__Nanoarchaeaeota;D_2__Woesearchaeia;D_3__Candidatus Pacearchaeota archaeon RBG_19FT_COMBO_34_9;D_4__Candidatus Pacearchaeota archaeon RBG_19FT_COMBO_34_9;D_5__Candidatus Pacearchaeota archaeon RBG_19FT_COMBO_34_9;D_6__Candidatus Pacearchaeota archaeon RBG_19FT_COMBO_34_9,4,3,27,0,0,0,0,0,0,0,0,6,0,8,0,0,0,0,0,0,15,19,0,15,0,11,28,0,0,0,6,0,0,0,0
D_0__Archaea;D_1__Nanoarchaeaeota;D_2__Woesearchaeia;D_3__uncultured archaeon;D_4__uncultured archaeon;D_5__uncultured archaeon;D_6__uncultured archaeon,9,0,47,0,106,0,0,0,0,0,0,10,0,77,0,0,0,5,0,0,27,18,0,20,0,26,36,0,0,10,5,0,0,5,12
D_0__Archaea;D_1__Nanoarchaeaeota;D_2__Woesearchaeia;D_3__uncultured bacterium;D_4__uncultured bacterium;D_5__uncultured bacterium;D_6__uncultured bacterium,19,20,97,3,38,0,0,19,41,7,10,61,0,49,0,0,3,81,0,0,145,220,13,111,31,58,270,4,7,8,8,0,0,3,28
D_0__Archaea;D_1__Nanoarchaeaeota;D_2__Woesearchaeia;__;__;__;__,18,10,267,3,710,0,0,9,11,4,0,70,0,490,7,0,0,9,0,0,205,52,0,72,3,91,159,0,0,20,11,0,0,13,25
D_0__Bacteria;D_1__Acidobacteria;D_2__Acidobacteriia;D_3__Subgroup 13;D_4__uncultured bacterium;D_5__uncultured bacterium;D_6__uncultured bacterium,0,0,2,0,20,0,0,0,0,0,0,0,0,0,0,0,0,0,0,0,0,0,0,0,0,0,0,0,0,0,0,0,0,0,0
D_0__Bacteria;D_1__Acidobacteria;D_2__Aminicenantia;D_3__Aminicenantales;D_4__uncultured soil bacterium;D_5__uncultured soil bacterium;D_6__uncultured soil bacterium,15,0,58,0,211,0,0,0,0,0,0,13,0,67,0,0,0,2,0,0,53,6,5,25,0,19,20,0,0,42,15,0,0,10,11
D_0__Bacteria;D_1__Acidobacteria;D_2__Subgroup 6;__;__;__;__,0,4,13,0,28,0,0,0,9,0,0,0,0,9,0,0,0,0,0,0,12,0,0,0,0,12,0,0,0,0,0,0,0,0,0
D_0__Bacteria;D_1__Acidobacteria;D_2__Thermoanaerobaculia;D_3__Thermoanaerobaculales;D_4__Thermoanaerobaculaceae;D_5__TPD-58;D_6__uncultured bacterium,0,0,0,0,0,0,0,0,0,0,0,0,0,18,0,0,0,0,0,0,0,0,0,0,0,0,4,0,0,0,6,0,0,0,0
D_0__Bacteria;D_1__Actinobacteria;D_2__Acidimicrobiia;D_3__Microtrichales;D_4__Ilumatobacteraceae;D_5__CL500-29 marine group;Ambiguous_taxa,48,498,15,210,3,308,112,600,22,3,14,8,0,4,0,0,37,6,45,131,16,0,0,22,0,0,5,283,83,0,0,157,24,165,28
D_0__Bacteria;D_1__Actinobacteria;D_2__Acidimicrobiia;D_3__Microtrichales;D_4__Ilumatobacteraceae;D_5__CL500-29 marine group;D_6__uncultured actinobacterium,130,0,0,289,0,302,32,0,0,21,0,0,55,0,28,0,0,0,32,22,0,0,0,0,0,0,0,28,0,0,0,209,54,85,0
D_0__Bacteria;D_1__Actinobacteria;D_2__Acidimicrobiia;D_3__Microtrichales;D_4__Ilumatobacteraceae;D_5__CL500-29 marine group;__,186,65,0,550,0,839,153,31,0,0,0,0,105,0,121,7,21,0,295,345,0,0,0,4,0,0,0,188,503,0,0,885,281,645,480
D_0__Bacteria;D_1__Actinobacteria;D_2__Acidimicrobiia;D_3__Microtrichales;D_4__Microtrichaceae;D_5__IMCC26207;__,0,0,0,0,0,0,0,0,0,0,0,0,16,0,11,0,0,0,0,0,0,0,0,0,0,0,0,0,0,0,0,0,0,0,0
D_0__Bacteria;D_1__Actinobacteria;D_2__Acidimicrobiia;D_3__Microtrichales;D_4__uncultured;__;__,0,0,3,0,0,5,0,0,0,0,0,0,0,0,15,0,0,2,0,32,0,0,0,0,0,0,0,8,54,0,0,18,26,32,44
D_0__Bacteria;D_1__Actinobacteria;D_2__Actinobacteria;D_3__Corynebacteriales;D_4__Mycobacteriaceae;D_5__Mycobacterium;__,0,0,0,0,0,0,0,0,0,0,0,0,5,0,9,0,0,0,15,41,0,0,0,0,0,0,0,6,13,0,0,11,14,8,14
D_0__Bacteria;D_1__Actinobacteria;D_2__Actinobacteria;D_3__Frankiales;D_4__Sporichthyaceae;Ambiguous_taxa;__,714,1260,28,1401,6,1213,150,966,48,42,84,0,77,0,19,0,28,0,560,218,19,0,0,20,0,23,5,2131,231,11,0,1156,70,623,83
D_0__Bacteria;D_1__Actinobacteria;D_2__Actinobacteria;D_3__Frankiales;D_4__Sporichthyaceae;D_5__Candidatus Planktophila;D_6__uncultured bacterium,232,67,13,361,0,313,9,51,0,27,14,0,19,0,13,0,0,0,176,128,0,0,0,0,0,0,0,442,64,0,0,275,31,150,18
D_0__Bacteria;D_1__Actinobacteria;D_2__Actinobacteria;D_3__Frankiales;D_4__Sporichthyaceae;D_5__hgcI clade;D_6__uncultured Actinomycetales bacterium,67,118,0,113,0,249,0,152,11,0,10,0,8,0,0,0,0,0,262,128,0,0,0,0,0,0,0,224,33,0,0,249,43,68,0
D_0__Bacteria;D_1__Actinobacteria;D_2__Actinobacteria;D_3__Frankiales;D_4__Sporichthyaceae;D_5__hgcI clade;D_6__uncultured actinobacterium,0,110,0,95,0,126,0,92,0,0,12,0,0,0,0,0,0,0,17,11,0,0,0,0,0,0,0,374,21,0,0,67,0,101,10
D_0__Bacteria;D_1__Actinobacteria;D_2__Actinobacteria;D_3__Frankiales;D_4__Sporichthyaceae;D_5__hgcI clade;D_6__uncultured bacterium,342,41,0,422,0,338,37,27,7,8,0,0,9,0,5,0,0,0,184,126,0,0,0,0,0,0,0,263,32,0,0,380,32,200,19
D_0__Bacteria;D_1__Actinobacteria;D_2__Actinobacteria;D_3__Frankiales;D_4__Sporichthyaceae;D_5__hgcI clade;__,4198,1450,34,4600,0,2355,274,1238,73,157,82,6,294,9,224,0,52,9,939,791,22,0,0,47,0,4,0,3265,589,18,0,2199,288,1863,360
D_0__Bacteria;D_1__Actinobacteria;D_2__Actinobacteria;D_3__Micrococcales;D_4__Microbacteriaceae;D_5__Candidatus Aquiluna;D_6__uncultured bacterium,0,15,0,0,0,0,24,0,0,0,0,0,0,0,0,8,0,0,0,0,0,0,0,0,0,0,0,0,0,0,0,0,0,0,0
D_0__Bacteria;D_1__Actinobacteria;D_2__Actinobacteria;D_3__Micrococcales;D_4__Microbacteriaceae;D_5__Candidatus Limnoluna;D_6__uncultured bacterium,241,69,0,303,0,192,28,76,12,89,10,0,102,3,45,0,15,0,120,105,0,0,0,11,0,0,7,414,132,0,0,253,79,281,123
D_0__Bacteria;D_1__Actinobacteria;D_2__Actinobacteria;D_3__Micrococcales;D_4__Microbacteriaceae;D_5__uncultured;__,6,0,0,20,0,10,0,0,0,8,0,0,15,0,0,0,0,0,0,0,0,0,0,0,0,0,0,7,0,0,0,10,0,17,0
D_0__Bacteria;D_1__Actinobacteria;D_2__Actinobacteria;D_3__Micrococcales;D_4__Microbacteriaceae;__;__,0,0,0,0,0,0,0,0,0,26,0,0,0,0,8,0,0,0,0,0,0,0,0,0,0,0,0,0,0,0,0,0,0,0,6
D_0__Bacteria;D_1__Actinobacteria;D_2__Actinobacteria;D_3__Micrococcales;D_4__Micrococcaceae;__;__,0,0,0,0,0,0,0,0,0,0,0,0,0,0,15,0,21,0,0,0,0,0,0,0,0,0,0,0,0,0,0,0,0,0,0
D_0__Bacteria;D_1__Actinobacteria;D_2__Actinobacteria;D_3__PeM15;Ambiguous_taxa;Ambiguous_taxa;Ambiguous_taxa,0,0,0,0,0,0,0,0,0,0,0,0,0,0,0,0,0,0,12,0,0,0,0,0,0,0,0,0,0,0,0,0,0,14,0
D_0__Bacteria;D_1__Actinobacteria;D_2__Actinobacteria;D_3__PeM15;D_4__uncultured bacterium;D_5__uncultured bacterium;D_6__uncultured bacterium,8,0,0,0,0,17,0,0,0,0,0,0,0,0,8,0,0,0,29,9,0,0,0,0,0,0,0,0,0,0,0,29,3,28,0
D_0__Bacteria;D_1__Actinobacteria;D_2__Actinobacteria;D_3__PeM15;__;__;__,21,68,0,0,0,0,0,39,0,23,15,0,10,0,0,0,10,6,0,0,5,0,0,11,0,0,0,11,0,0,0,0,0,0,0
D_0__Bacteria;D_1__Actinobacteria;D_2__Thermoleophilia;D_3__Gaiellales;D_4__uncultured;D_5__metagenome;D_6__metagenome,0,0,0,0,0,7,0,0,0,0,0,0,0,0,0,0,0,0,6,8,0,0,0,0,0,0,0,0,5,0,0,6,0,34,7
D_0__Bacteria;D_1__Actinobacteria;D_2__Thermoleophilia;D_3__Solirubrobacterales;D_4__Solirubrobacteraceae;D_5__Conexibacter;D_6__uncultured bacterium,0,0,0,0,0,0,0,0,0,0,2,0,0,0,0,0,4,0,0,0,0,0,0,0,0,0,3,11,9,0,0,0,0,0,0
D_0__Bacteria;D_1__Actinobacteria;D_2__WCHB1-81;D_3__uncultured bacterium;D_4__uncultured bacterium;D_5__uncultured bacterium;D_6__uncultured bacterium,9,0,29,0,65,0,0,0,0,0,0,16,0,92,0,0,0,0,0,0,0,12,0,5,0,5,17,0,0,0,4,0,0,0,2
D_0__Bacteria;D_1__Aegiribacteria;D_2__uncultured bacterium;D_3__uncultured bacterium;D_4__uncultured bacterium;D_5__uncultured bacterium;D_6__uncultured bacterium,0,0,0,0,0,0,0,0,0,0,0,0,0,9,0,0,0,0,0,0,4,5,0,0,0,0,17,0,0,0,0,0,0,0,0
D_0__Bacteria;D_1__Armatimonadetes;D_2__Armatimonadia;D_3__Armatimonadales;D_4__Armatimonadaceae;D_5__Armatimonas;D_6__uncultured bacterium,0,0,0,0,0,0,0,0,0,0,0,5,0,0,0,0,0,0,0,2,0,0,0,0,0,0,0,0,15,0,0,0,23,7,187
D_0__Bacteria;D_1__Armatimonadetes;D_2__Fimbriimonadia;D_3__Fimbriimonadales;D_4__Fimbriimonadaceae;D_5__uncultured bacterium;D_6__uncultured bacterium,0,0,0,7,0,2,4,0,0,0,3,0,12,0,5,0,0,0,10,66,0,0,0,0,0,0,0,0,0,0,0,8,6,12,25
D_0__Bacteria;D_1__Armatimonadetes;D_2__uncultured;D_3__uncultured bacterium;D_4__uncultured bacterium;D_5__uncultured bacterium;D_6__uncultured bacterium,0,0,0,0,8,0,0,0,0,0,0,15,0,17,0,0,0,0,0,0,0,0,0,7,0,0,0,0,0,0,0,0,0,0,0
D_0__Bacteria;D_1__Armatimonadetes;D_2__uncultured;__;__;__;__,0,0,0,0,0,0,0,0,0,0,4,4,0,0,0,0,24,6,0,0,10,0,0,9,0,0,6,0,0,0,0,0,0,0,0
D_0__Bacteria;D_1__Atribacteria;D_2__JS1;D_3__uncultured bacterium;D_4__uncultured bacterium;D_5__uncultured bacterium;D_6__uncultured bacterium,6,0,34,0,90,3,0,0,0,0,0,8,0,21,6,0,0,0,0,0,21,0,0,0,0,12,9,0,0,25,5,0,0,0,6
D_0__Bacteria;D_1__BRC1;D_2__uncultured organism;D_3__uncultured organism;D_4__uncultured organism;D_5__uncultured organism;D_6__uncultured organism,0,4,8,2,0,0,0,0,0,0,5,0,0,0,0,0,2,0,0,0,0,0,0,0,0,0,0,0,0,0,0,0,0,0,0
D_0__Bacteria;D_1__Bacteroidetes;D_2__Bacteroidia;D_3__Bacteroidales;D_4__Bacteroidaceae;D_5__Bacteroides;Ambiguous_taxa,0,0,0,0,0,0,0,0,0,0,0,0,0,0,0,0,0,0,0,0,0,0,0,0,0,23,0,0,0,0,0,0,0,0,0
D_0__Bacteria;D_1__Bacteroidetes;D_2__Bacteroidia;D_3__Bacteroidales;D_4__Bacteroidaceae;D_5__Bacteroides;__,0,0,0,0,0,0,0,0,10,0,0,0,0,0,0,0,0,0,0,0,26,0,0,0,0,0,0,0,0,0,0,0,0,0,0
D_0__Bacteria;D_1__Bacteroidetes;D_2__Bacteroidia;D_3__Bacteroidales;D_4__Bacteroidetes BD2-2;D_5__Bacteroidetes bacterium GWF2_49_14;D_6__Bacteroidetes bacterium GWF2_49_14,5,0,45,0,145,0,0,0,0,0,0,0,0,35,4,0,0,0,0,0,66,0,0,14,0,23,0,0,0,10,0,0,0,0,0
D_0__Bacteria;D_1__Bacteroidetes;D_2__Bacteroidia;D_3__Bacteroidales;D_4__Bacteroidetes BD2-2;D_5__uncultured bacterium;D_6__uncultured bacterium,0,0,0,0,17,0,0,0,0,0,8,15,0,45,0,0,4,7,0,0,14,0,0,0,11,0,19,0,0,0,0,0,0,0,0
D_0__Bacteria;D_1__Bacteroidetes;D_2__Bacteroidia;D_3__Bacteroidales;D_4__Bacteroidetes BD2-2;D_5__uncultured prokaryote;D_6__uncultured prokaryote,0,0,13,0,0,0,0,0,11,0,30,13,0,5,0,0,0,31,0,0,89,56,101,79,188,8,101,0,0,0,5,0,3,0,6
D_0__Bacteria;D_1__Bacteroidetes;D_2__Bacteroidia;D_3__Bacteroidales;D_4__Bacteroidetes BD2-2;__;__,0,0,10,0,80,0,0,0,0,4,3,27,0,82,0,0,3,0,0,0,52,34,0,0,4,0,125,0,0,0,15,0,0,0,11
D_0__Bacteria;D_1__Bacteroidetes;D_2__Bacteroidia;D_3__Bacteroidales;D_4__Bacteroidetes vadinHA17;__;__,0,39,8,6,62,0,0,58,14,0,0,0,0,0,0,0,0,0,0,0,26,0,0,19,0,15,20,0,0,0,0,0,0,0,0
D_0__Bacteria;D_1__Bacteroidetes;D_2__Bacteroidia;D_3__Bacteroidales;D_4__LKC2.127-25;D_5__uncultured bacterium;D_6__uncultured bacterium,8,257,160,26,6,0,0,225,45,0,233,37,0,13,0,0,34,45,0,0,68,37,37,120,34,16,31,0,0,22,0,0,0,0,7
D_0__Bacteria;D_1__Bacteroidetes;D_2__Bacteroidia;D_3__Bacteroidales;D_4__Marinilabiliaceae;D_5__uncultured;Ambiguous_taxa,11,11,56,0,28,0,0,0,6,5,56,139,9,153,0,0,0,92,0,0,30,91,45,13,57,17,171,0,0,0,24,0,0,0,35
D_0__Bacteria;D_1__Bacteroidetes;D_2__Bacteroidia;D_3__Bacteroidales;D_4__Marinilabiliaceae;D_5__uncultured;D_6__uncultured bacterium,0,0,65,0,230,0,0,0,3,0,8,125,3,573,0,0,0,42,0,2,69,187,17,0,25,46,460,0,0,43,53,0,0,10,53
D_0__Bacteria;D_1__Bacteroidetes;D_2__Bacteroidia;D_3__Bacteroidales;D_4__Paludibacteraceae;D_5__Paludibacter;D_6__uncultured bacterium,11,0,45,0,44,0,0,0,66,3,33,43,0,135,0,2,0,93,0,0,99,97,51,265,19,34,124,0,0,8,12,0,3,0,21
D_0__Bacteria;D_1__Bacteroidetes;D_2__Bacteroidia;D_3__Bacteroidales;D_4__Prolixibacteraceae;D_5__WCHB1-32;D_6__uncultured bacterium,11,159,72,12,42,2,0,131,175,6,85,29,0,20,0,0,70,116,0,0,84,31,0,41,0,15,44,0,0,0,0,0,0,9,0
D_0__Bacteria;D_1__Bacteroidetes;D_2__Bacteroidia;D_3__Bacteroidales;D_4__Prolixibacteraceae;D_5__uncultured;D_6__uncultured bacterium,0,0,25,0,113,0,0,0,0,0,0,13,0,54,6,0,0,12,0,0,77,12,0,0,10,0,87,0,0,0,4,0,0,3,0
D_0__Bacteria;D_1__Bacteroidetes;D_2__Bacteroidia;D_3__Bacteroidales;D_4__Prolixibacteraceae;D_5__uncultured;__,8,17,31,4,8,0,0,33,16,0,45,0,0,23,0,0,13,12,0,0,68,16,23,31,83,0,44,0,0,5,0,0,0,0,0
D_0__Bacteria;D_1__Bacteroidetes;D_2__Bacteroidia;D_3__Bacteroidales;D_4__Rikenellaceae;D_5__uncultured;Ambiguous_taxa,0,0,0,0,4,0,0,0,0,0,0,3,0,7,0,0,0,0,0,0,0,0,0,0,0,0,0,0,0,0,0,0,0,0,0
D_0__Bacteria;D_1__Bacteroidetes;D_2__Bacteroidia;D_3__Bacteroidales;D_4__SB-5;D_5__uncultured bacterium;D_6__uncultured bacterium,0,0,5,0,0,0,0,0,0,0,0,56,0,0,0,0,16,58,0,0,7,9,10,4,12,7,28,0,0,0,0,0,0,0,0
D_0__Bacteria;D_1__Bacteroidetes;D_2__Bacteroidia;D_3__Bacteroidetes VC2.1 Bac22;Ambiguous_taxa;Ambiguous_taxa;Ambiguous_taxa,0,3,0,0,0,0,0,0,0,0,5,0,5,0,0,0,5,0,279,1925,0,0,0,0,0,0,0,5,0,0,0,478,788,221,408
D_0__Bacteria;D_1__Bacteroidetes;D_2__Bacteroidia;D_3__Bacteroidetes VC2.1 Bac22;D_4__uncultured bacterium;D_5__uncultured bacterium;D_6__uncultured bacterium,9,0,55,0,36,0,0,0,37,0,38,30,0,42,2,0,19,40,0,0,32,19,20,67,12,6,33,0,0,0,0,0,0,3,0
D_0__Bacteria;D_1__Bacteroidetes;D_2__Bacteroidia;D_3__Bacteroidetes VC2.1 Bac22;__;__;__,50,0,90,0,9,0,0,0,22,9,17,168,5,71,0,0,0,184,0,0,140,306,115,122,68,58,359,0,0,0,6,4,5,8,24
D_0__Bacteria;D_1__Bacteroidetes;D_2__Bacteroidia;D_3__Chitinophagales;D_4__Chitinophagaceae;D_5__Dinghuibacter;D_6__uncultured bacterium,34,12,0,236,0,239,15,35,0,82,7,0,949,0,56,12,0,0,20,77,0,0,0,0,0,0,0,149,282,0,0,418,227,552,340
D_0__Bacteria;D_1__Bacteroidetes;D_2__Bacteroidia;D_3__Chitinophagales;D_4__Chitinophagaceae;D_5__Ferruginibacter;D_6__uncultured bacterium,0,0,0,13,0,20,0,0,0,0,0,0,0,0,0,0,0,0,118,39,0,0,0,0,0,0,0,0,0,0,0,145,19,52,8
D_0__Bacteria;D_1__Bacteroidetes;D_2__Bacteroidia;D_3__Chitinophagales;D_4__Chitinophagaceae;D_5__Ferruginibacter;__,18,0,0,0,0,0,0,0,0,0,0,0,0,0,0,0,0,0,36,0,0,0,0,0,0,0,0,0,0,0,0,40,0,0,0
D_0__Bacteria;D_1__Bacteroidetes;D_2__Bacteroidia;D_3__Chitinophagales;D_4__Chitinophagaceae;D_5__Sediminibacterium;D_6__uncultured bacterium,0,0,0,0,0,0,0,0,0,0,0,0,0,0,0,0,0,0,0,0,10,6,0,0,0,0,0,0,0,0,0,18,43,0,0
D_0__Bacteria;D_1__Bacteroidetes;D_2__Bacteroidia;D_3__Chitinophagales;D_4__Chitinophagaceae;D_5__Sediminibacterium;__,713,298,41,811,0,694,177,476,21,86,82,0,80,0,32,38,16,10,1246,621,0,0,0,16,0,0,0,1191,748,12,0,1742,264,1457,620
D_0__Bacteria;D_1__Bacteroidetes;D_2__Bacteroidia;D_3__Chitinophagales;D_4__Chitinophagaceae;D_5__Terrimonas;__,0,0,0,0,0,0,0,0,0,0,9,0,0,0,0,12,0,0,0,0,0,0,0,0,0,0,0,0,0,0,0,0,0,0,0
D_0__Bacteria;D_1__Bacteroidetes;D_2__Bacteroidia;D_3__Chitinophagales;D_4__Chitinophagaceae;D_5__uncultured;D_6__metagenome,8,56,6,9,0,0,0,141,0,6,52,40,0,0,5,0,24,0,0,0,0,3,0,0,0,0,7,0,0,0,0,0,0,0,0
D_0__Bacteria;D_1__Bacteroidetes;D_2__Bacteroidia;D_3__Chitinophagales;D_4__Chitinophagaceae;__;__,0,0,0,0,0,0,0,0,0,9,20,0,0,0,0,72,0,0,0,0,0,0,0,0,0,0,0,0,0,0,0,0,0,0,0
D_0__Bacteria;D_1__Bacteroidetes;D_2__Bacteroidia;D_3__Chitinophagales;D_4__Saprospiraceae;D_5__Candidatus Aquirestis;D_6__uncultured bacterium,7,7,14,7,3,0,0,44,0,3497,394,203,4074,46,413,30,381,96,8,278,0,19,4,0,5,0,30,20,36,0,4,0,74,20,195
D_0__Bacteria;D_1__Bacteroidetes;D_2__Bacteroidia;D_3__Chitinophagales;D_4__Saprospiraceae;D_5__Haliscomenobacter;D_6__uncultured bacterium,0,0,0,0,0,0,0,0,0,43,29,0,22,0,0,22,0,0,0,0,0,0,0,0,0,0,0,0,0,0,0,0,0,0,0
D_0__Bacteria;D_1__Bacteroidetes;D_2__Bacteroidia;D_3__Chitinophagales;D_4__Saprospiraceae;D_5__uncultured;__,0,0,0,0,0,0,0,0,0,148,27,4,145,6,19,18,0,0,0,0,0,0,0,0,0,0,0,0,0,0,0,0,0,0,0
D_0__Bacteria;D_1__Bacteroidetes;D_2__Bacteroidia;D_3__Chitinophagales;D_4__Saprospiraceae;__;__,0,0,0,0,0,0,0,0,0,13,0,0,16,0,0,0,0,0,0,0,0,0,0,0,0,0,0,0,0,0,0,0,0,0,0
D_0__Bacteria;D_1__Bacteroidetes;D_2__Bacteroidia;D_3__Chitinophagales;D_4__uncultured;__;__,0,0,8,0,33,0,0,0,0,0,0,0,0,12,0,0,0,0,0,0,7,0,0,0,0,0,0,0,0,0,0,0,0,0,3
D_0__Bacteria;D_1__Bacteroidetes;D_2__Bacteroidia;D_3__Cytophagales;D_4__Cyclobacteriaceae;D_5__Algoriphagus;D_6__uncultured bacterium,315,134,0,218,2,150,85,6,0,41,34,0,39,0,5,32,0,0,1069,750,0,0,0,0,0,0,0,0,0,10,0,1066,158,304,110
D_0__Bacteria;D_1__Bacteroidetes;D_2__Bacteroidia;D_3__Cytophagales;D_4__Spirosomaceae;D_5__Pseudarcicella;D_6__uncultured bacterium,123,45,0,130,0,210,43,35,3,134,17,0,358,0,22,12,0,0,780,307,0,0,0,0,0,0,0,726,121,6,0,1240,137,964,98
D_0__Bacteria;D_1__Bacteroidetes;D_2__Bacteroidia;D_3__Flavobacteriales;D_4__Crocinitomicaceae;D_5__Crocinitomix;D_6__uncultured bacterium,0,36,19,16,0,21,5,53,0,12,407,0,89,7,57,7,11,0,4,107,0,5,8,0,5,0,15,81,415,2,3,61,233,110,498
D_0__Bacteria;D_1__Bacteroidetes;D_2__Bacteroidia;D_3__Flavobacteriales;D_4__Crocinitomicaceae;D_5__Fluviicola;Ambiguous_taxa,39,321,48,45,18,31,43,754,0,0,489,7,34,46,0,27,101,12,70,643,11,14,11,0,7,0,32,1252,4974,5,0,226,612,544,2159
D_0__Bacteria;D_1__Bacteroidetes;D_2__Bacteroidia;D_3__Flavobacteriales;D_4__Crocinitomicaceae;D_5__Fluviicola;D_6__uncultured bacterium,0,18,6,0,0,0,0,12,4,0,78,0,0,5,0,0,0,0,0,6,6,9,0,0,4,0,17,219,929,0,3,0,25,184,436
D_0__Bacteria;D_1__Bacteroidetes;D_2__Bacteroidia;D_3__Flavobacteriales;D_4__Crocinitomicaceae;D_5__Fluviicola;__,22,16,0,0,0,19,0,59,0,71,95,0,57,0,11,0,9,0,4,940,0,0,0,0,0,0,0,15,53,0,0,15,75,0,166
D_0__Bacteria;D_1__Bacteroidetes;D_2__Bacteroidia;D_3__Flavobacteriales;D_4__Cryomorphaceae;D_5__uncultured;Ambiguous_taxa,0,19,0,0,0,16,0,37,0,0,0,0,0,0,0,0,0,0,0,0,0,0,0,0,0,0,0,0,0,0,0,0,0,0,0
D_0__Bacteria;D_1__Bacteroidetes;D_2__Bacteroidia;D_3__Flavobacteriales;D_4__Cryomorphaceae;D_5__uncultured;D_6__uncultured Cryomorphaceae bacterium,103,63,6,298,0,351,21,52,9,74,26,0,135,0,43,12,0,4,1678,940,0,0,0,0,0,0,0,52,10,7,0,1675,287,925,391
D_0__Bacteria;D_1__Bacteroidetes;D_2__Bacteroidia;D_3__Flavobacteriales;D_4__Cryomorphaceae;D_5__uncultured;D_6__uncultured bacterium,0,0,0,0,0,0,0,0,0,0,0,0,0,0,0,0,0,0,0,0,0,0,0,0,0,0,0,0,6,0,0,0,4,0,27
D_0__Bacteria;D_1__Bacteroidetes;D_2__Bacteroidia;D_3__Flavobacteriales;D_4__Cryomorphaceae;D_5__uncultured;__,0,0,0,5,0,5,0,0,0,0,0,0,15,0,0,0,0,0,0,0,0,0,0,0,0,0,0,0,0,0,0,0,0,0,0
D_0__Bacteria;D_1__Bacteroidetes;D_2__Bacteroidia;D_3__Flavobacteriales;D_4__Flavobacteriaceae;D_5__Flavobacterium;Ambiguous_taxa,16,0,0,22,0,42,9,0,0,0,0,0,30,0,0,6,0,0,42,63,0,0,0,0,0,0,0,2245,3366,6,0,107,101,1199,1412
D_0__Bacteria;D_1__Bacteroidetes;D_2__Bacteroidia;D_3__Flavobacteriales;D_4__Flavobacteriaceae;D_5__Flavobacterium;__,3,10,7,91,3,210,34,69,0,47,50,6,199,0,58,67,43,0,16,6743,0,3,0,0,0,0,0,112,306,0,0,416,1060,887,2590
D_0__Bacteria;D_1__Bacteroidetes;D_2__Bacteroidia;D_3__Flavobacteriales;D_4__Flavobacteriaceae;D_5__uncultured;D_6__uncultured bacterium,15,66,40,3,4,0,0,25,28,5,113,61,0,8,0,0,39,90,0,0,45,43,88,186,39,10,38,0,3,19,11,0,6,6,10
D_0__Bacteria;D_1__Bacteroidetes;D_2__Bacteroidia;D_3__Flavobacteriales;D_4__NS9 marine group;D_5__uncultured Bacteroidetes bacterium;D_6__uncultured Bacteroidetes bacterium,0,0,0,0,0,0,0,0,0,0,0,0,0,0,0,0,0,0,3,8,0,0,0,0,0,0,0,86,453,0,0,6,31,133,426
D_0__Bacteria;D_1__Bacteroidetes;D_2__Bacteroidia;D_3__Flavobacteriales;D_4__NS9 marine group;__;__,0,0,0,0,0,0,0,0,0,0,0,0,0,0,0,0,0,0,0,0,0,0,0,0,0,0,0,0,23,0,0,0,0,0,37
D_0__Bacteria;D_1__Bacteroidetes;D_2__Bacteroidia;D_3__Flavobacteriales;D_4__Weeksellaceae;D_5__Cloacibacterium;D_6__uncultured bacterium,5,4,0,0,0,4,5,0,0,5,6,0,0,0,11,4,5,0,0,0,0,0,0,0,0,0,0,0,0,0,0,0,0,0,0
D_0__Bacteria;D_1__Bacteroidetes;D_2__Bacteroidia;D_3__Sphingobacteriales;D_4__ADurb.Bin408;D_5__uncultured bacterium;D_6__uncultured bacterium,0,0,0,0,33,0,0,0,0,0,0,0,0,63,0,0,0,0,0,0,10,20,0,0,0,6,39,0,0,0,0,0,0,0,0
D_0__Bacteria;D_1__Bacteroidetes;D_2__Bacteroidia;D_3__Sphingobacteriales;D_4__Lentimicrobiaceae;Ambiguous_taxa;Ambiguous_taxa,0,0,5,0,0,0,0,0,5,0,0,7,0,0,0,0,0,22,0,0,16,16,12,5,36,0,31,0,0,0,0,0,0,0,0
D_0__Bacteria;D_1__Bacteroidetes;D_2__Bacteroidia;D_3__Sphingobacteriales;D_4__Lentimicrobiaceae;D_5__Lentimicrobium;D_6__uncultured bacterium,17,17,114,0,21,0,0,19,35,7,98,115,0,23,0,0,10,145,0,0,86,74,110,90,151,22,124,0,0,14,30,0,0,3,18
D_0__Bacteria;D_1__Bacteroidetes;D_2__Bacteroidia;D_3__Sphingobacteriales;D_4__Lentimicrobiaceae;D_5__uncultured Bacteroidetes bacterium;D_6__uncultured Bacteroidetes bacterium,24,738,296,95,34,0,0,2008,93,0,475,103,0,15,0,0,376,63,0,0,212,41,35,112,46,25,74,3,0,12,8,0,0,0,15
D_0__Bacteria;D_1__Bacteroidetes;D_2__Bacteroidia;D_3__Sphingobacteriales;D_4__Lentimicrobiaceae;D_5__uncultured bacterium;D_6__uncultured bacterium,0,0,0,0,53,0,0,0,0,0,0,18,0,71,0,0,0,0,0,0,9,0,0,0,5,0,49,0,0,0,6,0,0,0,0
D_0__Bacteria;D_1__Bacteroidetes;D_2__Bacteroidia;D_3__Sphingobacteriales;D_4__Lentimicrobiaceae;D_5__uncultured prokaryote;D_6__uncultured prokaryote,212,52,936,14,598,10,0,102,502,55,515,899,18,632,0,0,465,3164,0,0,1001,376,213,821,590,275,924,0,0,52,207,12,24,72,95
D_0__Bacteria;D_1__Bacteroidetes;D_2__Bacteroidia;D_3__Sphingobacteriales;D_4__Lentimicrobiaceae;__;__,327,17,2189,13,7315,29,0,56,381,45,59,1011,20,2377,102,0,21,811,0,0,3120,511,211,379,520,636,1911,0,0,593,180,0,9,154,100
D_0__Bacteria;D_1__Bacteroidetes;D_2__Bacteroidia;D_3__Sphingobacteriales;D_4__NS11-12 marine group;Ambiguous_taxa;Ambiguous_taxa,41,12,8,73,0,127,7,22,9,114,75,0,826,0,51,29,12,3,92,294,0,0,0,0,0,0,0,924,312,2,2,78,78,291,334
D_0__Bacteria;D_1__Bacteroidetes;D_2__Bacteroidia;D_3__Sphingobacteriales;D_4__NS11-12 marine group;D_5__uncultured bacterium;D_6__uncultured bacterium,13,10,4,6,0,5,283,32,0,49,159,4,39,6,5,86,16,0,0,0,0,0,0,0,0,3,0,0,9,0,0,0,0,0,0
D_0__Bacteria;D_1__Bacteroidetes;D_2__Bacteroidia;D_3__Sphingobacteriales;D_4__NS11-12 marine group;__;__,0,9,5,22,0,42,7,16,0,0,27,0,72,0,15,0,3,0,98,488,0,0,0,0,0,0,0,195,154,0,0,231,346,523,416
D_0__Bacteria;D_1__Bacteroidetes;D_2__Bacteroidia;D_3__Sphingobacteriales;D_4__S15A-MN91;D_5__uncultured bacterium;D_6__uncultured bacterium,10,0,66,0,140,0,0,0,4,12,0,405,7,464,5,0,0,40,0,0,87,117,23,0,30,50,687,0,0,24,107,0,0,14,41
D_0__Bacteria;D_1__Bacteroidetes;D_2__Bacteroidia;D_3__Sphingobacteriales;D_4__ST-12K33;D_5__uncultured organism;D_6__uncultured organism,0,0,0,0,0,0,0,0,0,0,0,6,0,18,0,0,0,0,0,0,16,0,0,0,0,0,11,0,0,0,0,0,0,0,0
D_0__Bacteria;D_1__Bacteroidetes;D_2__Bacteroidia;D_3__Sphingobacteriales;D_4__ST-12K33;__;__,27,0,67,0,50,0,0,0,26,0,19,274,6,154,0,0,12,256,0,0,45,99,31,57,33,26,162,0,0,6,21,0,5,5,18
D_0__Bacteria;D_1__Bacteroidetes;D_2__Bacteroidia;D_3__Sphingobacteriales;D_4__Sphingobacteriaceae;D_5__Pedobacter;__,4,7,0,31,0,30,0,27,0,14,19,0,66,0,7,4,11,0,0,6,0,0,0,0,0,0,0,23,11,0,0,16,4,59,25
D_0__Bacteria;D_1__Bacteroidetes;D_2__Bacteroidia;D_3__Sphingobacteriales;D_4__Sphingobacteriaceae;D_5__Solitalea;D_6__uncultured bacterium,0,40,4,18,0,30,9,72,0,0,14,0,0,0,0,0,0,0,7,3,0,0,0,0,0,0,0,221,114,0,0,50,8,279,71
D_0__Bacteria;D_1__Bacteroidetes;D_2__Bacteroidia;D_3__Sphingobacteriales;D_4__env.OPS 17;D_5__metagenome;D_6__metagenome,0,0,0,0,0,0,0,0,0,0,0,0,6,0,0,0,0,0,3,15,0,0,0,0,0,0,0,0,0,0,0,0,2,3,8
D_0__Bacteria;D_1__Bacteroidetes;D_2__Bacteroidia;D_3__Sphingobacteriales;D_4__env.OPS 17;__;__,0,0,0,0,0,0,0,0,0,0,0,0,0,2,0,0,0,0,0,14,0,8,0,0,0,0,8,43,476,0,0,0,5,5,11
D_0__Bacteria;D_1__Bacteroidetes;D_2__Bacteroidia;D_3__Sphingobacteriales;__;__;__,0,0,0,0,0,0,0,0,0,7,4,0,11,6,0,0,0,0,0,0,0,0,0,0,0,0,0,0,0,0,0,0,0,0,0
D_0__Bacteria;D_1__Bacteroidetes;D_2__Bacteroidia;__;__;__;__,0,0,0,0,0,0,0,0,0,0,32,0,0,0,0,0,0,0,0,0,0,0,0,0,0,0,0,0,0,0,0,0,0,0,0
D_0__Bacteria;D_1__Bacteroidetes;D_2__Chlorobia;D_3__Chlorobiales;D_4__Chlorobiaceae;D_5__Chlorobium;Ambiguous_taxa,581,459,2035,52,116,0,0,249,1098,103,323,900,25,369,4,0,85,1603,14,13,2288,1101,785,6597,447,602,1106,6,4,405,70,104,250,127,200
D_0__Bacteria;D_1__Bacteroidetes;D_2__Chlorobia;D_3__Chlorobiales;D_4__Chlorobiaceae;D_5__Chlorobium;__,0,0,0,0,0,0,0,0,0,0,39,120,0,14,0,0,0,380,0,0,27,140,810,96,1056,11,103,0,0,0,47,0,0,10,12
D_0__Bacteria;D_1__Bacteroidetes;D_2__Ignavibacteria;D_3__Ignavibacteriales;D_4__BSV40;D_5__uncultured bacterium;D_6__uncultured bacterium,0,0,11,0,11,0,0,0,0,0,0,0,0,11,0,0,0,0,0,0,0,0,0,0,0,0,8,0,0,4,0,0,0,0,0
D_0__Bacteria;D_1__Bacteroidetes;D_2__Ignavibacteria;D_3__Ignavibacteriales;D_4__Ignavibacteriaceae;D_5__Ignavibacterium;D_6__uncultured bacterium,0,0,0,0,3,0,0,0,0,0,0,0,0,25,0,0,0,0,0,0,0,0,0,0,0,0,0,0,0,0,5,0,0,0,0
D_0__Bacteria;D_1__Bacteroidetes;D_2__Ignavibacteria;D_3__Ignavibacteriales;D_4__Melioribacteraceae;D_5__IheB3-7;D_6__uncultured bacterium,13,45,37,0,7,0,0,21,40,0,22,8,0,9,0,0,0,16,0,0,33,17,6,88,0,14,19,0,0,8,0,0,0,0,0
D_0__Bacteria;D_1__Bacteroidetes;D_2__Ignavibacteria;D_3__Ignavibacteriales;D_4__PHOS-HE36;D_5__uncultured bacterium;D_6__uncultured bacterium,0,0,0,0,0,0,0,3,0,13,643,553,8,115,10,0,1932,426,0,0,6,88,92,0,54,35,236,0,0,8,207,0,5,0,31
D_0__Bacteria;D_1__Bacteroidetes;D_2__Ignavibacteria;D_3__Kryptoniales;D_4__BSV26;D_5__uncultured bacterium;D_6__uncultured bacterium,0,0,11,0,200,0,0,0,3,0,0,0,0,12,0,0,0,0,0,0,19,0,0,0,0,6,6,0,0,5,0,0,0,0,0
D_0__Bacteria;D_1__Bacteroidetes;D_2__Ignavibacteria;D_3__Kryptoniales;D_4__BSV26;__;__,9,44,79,9,141,0,0,68,44,0,0,0,0,0,0,0,3,0,0,0,157,6,0,42,0,36,17,0,0,18,0,0,0,8,5
D_0__Bacteria;D_1__Bacteroidetes;D_2__Ignavibacteria;D_3__OPB56;Ambiguous_taxa;Ambiguous_taxa;Ambiguous_taxa,9,57,55,7,9,0,0,91,17,0,115,46,0,4,0,0,58,31,0,0,33,21,22,11,49,8,53,0,0,15,0,0,0,3,0
D_0__Bacteria;D_1__Bacteroidetes;D_2__Ignavibacteria;D_3__OPB56;D_4__uncultured bacterium;D_5__uncultured bacterium;D_6__uncultured bacterium,0,0,6,0,0,0,0,0,0,0,0,0,0,4,0,0,0,0,0,0,4,0,0,6,0,6,5,0,0,0,0,0,0,0,0
D_0__Bacteria;D_1__Chlamydiae;D_2__LD1-PA32;Ambiguous_taxa;Ambiguous_taxa;Ambiguous_taxa;Ambiguous_taxa,4,0,20,0,20,0,0,0,7,0,0,3,0,17,0,0,0,3,0,0,28,18,0,7,4,16,25,0,0,0,0,0,0,0,6
D_0__Bacteria;D_1__Chlamydiae;D_2__LD1-PA32;D_3__uncultured bacterium;D_4__uncultured bacterium;D_5__uncultured bacterium;D_6__uncultured bacterium,0,0,9,0,3,0,0,0,0,0,0,4,0,0,0,0,0,0,0,0,8,0,0,0,0,3,0,0,0,0,0,0,0,0,0
D_0__Bacteria;D_1__Chloroflexi;D_2__Anaerolineae;D_3__ADurb.Bin180;D_4__uncultured bacterium;D_5__uncultured bacterium;D_6__uncultured bacterium,0,0,0,0,0,0,0,0,0,0,0,10,0,0,0,0,0,10,0,0,0,6,0,0,0,0,12,0,0,0,0,0,0,0,0
D_0__Bacteria;D_1__Chloroflexi;D_2__Anaerolineae;D_3__Anaerolineales;D_4__Anaerolineaceae;D_5__Anaerolineaceae UCG-001;D_6__uncultured bacterium,0,0,0,0,0,0,0,0,0,0,0,5,0,0,0,0,0,3,0,0,3,9,0,0,0,0,8,0,0,0,0,0,0,0,0
D_0__Bacteria;D_1__Chloroflexi;D_2__Anaerolineae;D_3__Anaerolineales;D_4__Anaerolineaceae;D_5__Leptolinea;D_6__uncultured bacterium,0,0,5,0,0,0,0,0,0,0,0,0,0,9,0,0,0,8,0,0,11,0,0,17,0,0,0,0,0,0,0,0,0,0,0
D_0__Bacteria;D_1__Chloroflexi;D_2__Anaerolineae;D_3__Anaerolineales;D_4__Anaerolineaceae;D_5__Pelolinea;D_6__uncultured Chloroflexi bacterium,0,0,0,0,0,0,0,0,0,0,0,0,0,23,0,0,0,0,0,0,0,0,0,0,0,0,0,0,0,0,0,0,0,0,0
D_0__Bacteria;D_1__Chloroflexi;D_2__Anaerolineae;D_3__Anaerolineales;D_4__Anaerolineaceae;D_5__uncultured;D_6__uncultured Chloroflexi bacterium,0,0,0,0,0,0,0,0,0,0,0,59,0,35,0,0,0,9,0,0,0,15,0,0,0,0,41,0,0,0,13,0,0,0,0
D_0__Bacteria;D_1__Chloroflexi;D_2__Anaerolineae;D_3__Anaerolineales;D_4__Anaerolineaceae;D_5__uncultured;D_6__uncultured soil bacterium,13,0,16,0,0,0,0,0,0,0,0,19,0,54,0,0,0,0,0,0,17,35,0,0,0,13,64,0,0,0,0,0,0,7,0
D_0__Bacteria;D_1__Chloroflexi;D_2__Anaerolineae;D_3__Anaerolineales;D_4__Anaerolineaceae;D_5__uncultured;__,22,0,45,0,60,0,0,0,0,10,3,112,0,231,0,0,0,48,0,0,66,100,12,25,0,34,194,0,0,10,21,0,0,0,23
D_0__Bacteria;D_1__Chloroflexi;D_2__Anaerolineae;D_3__Anaerolineales;D_4__Anaerolineaceae;__;__,0,0,11,0,10,0,0,0,0,0,0,23,0,28,0,0,0,0,0,0,6,0,0,0,0,0,0,0,0,7,0,0,0,0,0
D_0__Bacteria;D_1__Chloroflexi;D_2__Anaerolineae;D_3__RBG-13-54-9;Ambiguous_taxa;Ambiguous_taxa;Ambiguous_taxa,0,0,0,0,0,0,0,0,0,0,0,14,0,0,0,0,0,8,0,0,0,6,0,0,0,0,15,0,0,0,0,0,0,0,0
D_0__Bacteria;D_1__Chloroflexi;D_2__Anaerolineae;D_3__SBR1031;D_4__uncultured bacterium;D_5__uncultured bacterium;D_6__uncultured bacterium,0,0,0,0,0,0,0,0,0,0,0,0,0,18,0,0,0,0,0,0,0,3,0,0,0,0,0,0,0,0,0,0,0,0,0
D_0__Bacteria;D_1__Chloroflexi;D_2__Anaerolineae;D_3__SJA-15;D_4__uncultured bacterium;D_5__uncultured bacterium;D_6__uncultured bacterium,0,0,0,0,0,0,0,0,0,0,0,38,0,14,0,0,0,7,0,0,0,0,0,0,0,0,13,0,0,0,9,0,0,3,3
D_0__Bacteria;D_1__Chloroflexi;D_2__Chloroflexia;D_3__Chloroflexales;D_4__Roseiflexaceae;D_5__uncultured;D_6__uncultured Roseiflexus sp.,0,7,0,17,0,38,0,0,0,0,4,0,56,0,14,0,10,0,45,650,0,0,0,0,0,0,0,3,0,2,0,35,56,77,27
D_0__Bacteria;D_1__Chloroflexi;D_2__Dehalococcoidia;D_3__GIF3;D_4__uncultured bacterium;D_5__uncultured bacterium;D_6__uncultured bacterium,0,0,0,0,36,0,0,0,0,0,0,0,0,19,0,0,0,0,0,0,0,0,0,0,0,0,0,0,0,0,0,0,0,0,0
D_0__Bacteria;D_1__Chloroflexi;D_2__Dehalococcoidia;D_3__GIF9;D_4__uncultured bacterium;D_5__uncultured bacterium;D_6__uncultured bacterium,58,0,175,0,462,8,0,3,30,15,0,101,0,831,30,0,0,57,0,0,222,94,0,62,0,95,181,0,0,23,8,0,3,28,46
D_0__Bacteria;D_1__Chloroflexi;D_2__SL56 marine group;D_3__uncultured bacterium;D_4__uncultured bacterium;D_5__uncultured bacterium;D_6__uncultured bacterium,0,0,0,86,0,226,0,0,0,0,0,0,3,0,18,0,0,0,23,24,0,0,0,0,0,0,0,202,13,0,0,51,21,147,26
D_0__Bacteria;D_1__Cloacimonetes;D_2__Cloacimonadia;D_3__Cloacimonadales;D_4__MSBL8;D_5__uncultured bacterium;D_6__uncultured bacterium,4,0,3,0,21,0,0,0,0,0,5,7,0,63,0,0,0,0,0,0,8,0,0,0,0,0,15,0,0,0,0,0,0,0,2
D_0__Bacteria;D_1__Cyanobacteria;D_2__Melainabacteria;D_3__Gastranaerophilales;D_4__uncultured organism;D_5__uncultured organism;D_6__uncultured organism,0,0,21,0,8,0,0,0,0,0,51,44,0,25,0,0,120,37,0,0,16,11,105,12,11,9,15,0,0,0,32,0,0,0,0
D_0__Bacteria;D_1__Cyanobacteria;D_2__Oxyphotobacteria;D_3__Chloroplast;D_4__Epipyxis sp. PR26KG;D_5__Epipyxis sp. PR26KG;D_6__Epipyxis sp. PR26KG,20,35,0,0,2,5,14,17,0,46,40,2,246,34,8,4,0,0,26,605,0,0,0,0,0,0,0,0,2,0,0,59,383,82,742
D_0__Bacteria;D_1__Cyanobacteria;D_2__Oxyphotobacteria;D_3__Chloroplast;D_4__Pavlova gyrans;D_5__Pavlova gyrans;D_6__Pavlova gyrans,10,0,0,3,0,0,0,0,0,44,2,0,91,0,0,0,0,0,3,16,0,0,0,0,0,0,0,0,0,0,0,0,11,7,11
D_0__Bacteria;D_1__Cyanobacteria;D_2__Oxyphotobacteria;D_3__Chloroplast;D_4__Tetraselmis cordiformis;D_5__Tetraselmis cordiformis;D_6__Tetraselmis cordiformis,0,0,0,0,0,0,0,0,0,45,9,11,36,0,8,0,0,4,0,67,0,6,0,0,0,3,6,0,24,0,0,0,57,0,42
D_0__Bacteria;D_1__Cyanobacteria;D_2__Oxyphotobacteria;D_3__Chloroplast;D_4__metagenome;D_5__metagenome;D_6__metagenome,0,0,0,0,0,7,0,0,0,78,28,22,642,0,7,0,0,4,0,5576,0,73,0,0,30,0,44,337,6154,0,0,35,2901,42,5355
D_0__Bacteria;D_1__Cyanobacteria;D_2__Oxyphotobacteria;D_3__Chloroplast;D_4__uncultured bacterium;D_5__uncultured bacterium;D_6__uncultured bacterium,0,0,0,0,0,0,0,0,0,0,0,0,9,0,0,0,0,0,7,128,0,0,0,0,0,0,0,0,0,0,0,0,29,0,88
D_0__Bacteria;D_1__Cyanobacteria;D_2__Oxyphotobacteria;D_3__Chloroplast;D_4__uncultured diatom;D_5__uncultured diatom;D_6__uncultured diatom,0,0,0,0,0,0,0,0,0,101,5,4,93,0,0,0,0,0,0,94,0,0,0,0,0,0,0,0,0,0,0,0,5,0,0
D_0__Bacteria;D_1__Cyanobacteria;D_2__Oxyphotobacteria;D_3__Chloroplast;D_4__uncultured marine eukaryote;D_5__uncultured marine eukaryote;D_6__uncultured marine eukaryote,0,16,0,0,0,0,5,0,0,12,51,0,8,0,0,5,0,0,0,260,0,0,0,0,0,0,0,0,0,0,0,6,204,0,291
D_0__Bacteria;D_1__Cyanobacteria;D_2__Oxyphotobacteria;D_3__Chloroplast;__;__;__,17,0,0,0,0,0,0,0,0,2194,30,13,807,7,560,8,11,0,5,740,0,0,0,0,0,0,0,0,12,0,6,22,275,41,543
D_0__Bacteria;D_1__Cyanobacteria;D_2__Oxyphotobacteria;D_3__Synechococcales;D_4__Cyanobiaceae;D_5__Cyanobium PCC-6307;D_6__uncultured bacterium,269,4969,4309,228,337,42,17,2522,676,73,2772,1361,78,519,38,6,4121,778,631,978,2049,473,78,1084,134,618,995,643,570,149,41,872,329,1336,755
D_0__Bacteria;D_1__Cyanobacteria;D_2__Oxyphotobacteria;D_3__Synechococcales;D_4__Cyanobiaceae;D_5__Cyanobium PCC-6307;__,1448,83,30,2130,18,719,87,70,0,2702,139,20,3912,22,2142,17,23,15,4573,4728,10,0,0,12,0,6,8,158,74,21,13,5391,2096,3916,2256
D_0__Bacteria;D_1__Dependentiae;D_2__Babeliae;D_3__Babeliales;D_4__Babeliaceae;D_5__uncultured bacterium;D_6__uncultured bacterium,0,0,0,0,0,0,0,0,0,0,0,0,0,0,0,0,0,0,0,0,0,0,0,0,0,0,0,0,0,12,55,0,0,0,0
D_0__Bacteria;D_1__Dependentiae;D_2__Babeliae;D_3__Babeliales;D_4__uncultured bacterium;D_5__uncultured bacterium;D_6__uncultured bacterium,3,0,36,0,42,0,0,0,7,0,0,0,0,11,0,0,0,4,0,0,19,10,0,0,0,0,5,0,0,5,0,0,0,6,0
D_0__Bacteria;D_1__Elusimicrobia;D_2__Elusimicrobia;D_3__Lineage IV;D_4__uncultured bacterium;D_5__uncultured bacterium;D_6__uncultured bacterium,5,0,9,0,12,0,0,0,0,0,0,0,0,9,0,0,0,3,0,0,20,0,0,0,0,7,9,0,0,0,0,0,0,0,0
D_0__Bacteria;D_1__Elusimicrobia;D_2__Elusimicrobia;D_3__MVP-88;D_4__uncultured bacterium;D_5__uncultured bacterium;D_6__uncultured bacterium,0,0,0,0,0,0,0,3,0,0,35,15,0,10,0,0,13,8,0,0,3,0,0,0,0,0,2,0,0,0,0,0,0,0,6
D_0__Bacteria;D_1__Elusimicrobia;D_2__Rs-M47;__;__;__;__,0,5,45,0,0,0,0,3,21,0,0,0,0,0,0,0,0,3,0,0,32,4,0,6,0,16,9,0,0,0,0,0,0,0,0
D_0__Bacteria;D_1__Epsilonbacteraeota;D_2__Campylobacteria;D_3__Campylobacterales;D_4__Sulfurovaceae;D_5__Sulfurovum;__,0,0,8,0,14,0,0,0,0,0,0,4,0,0,0,0,0,0,0,0,22,0,0,7,0,8,7,0,0,3,0,0,0,0,0
D_0__Bacteria;D_1__Epsilonbacteraeota;D_2__Campylobacteria;D_3__Campylobacterales;D_4__Thiovulaceae;D_5__Sulfuricurvum;D_6__uncultured bacterium,0,0,0,0,0,0,0,0,0,0,0,0,0,0,0,0,0,0,0,0,11,0,0,4,0,0,4,0,0,0,0,0,0,0,4
D_0__Bacteria;D_1__Epsilonbacteraeota;D_2__Campylobacteria;D_3__Campylobacterales;D_4__Thiovulaceae;D_5__Sulfurimonas;__,24,0,216,0,41,0,0,5,111,4,0,14,0,7,0,0,0,35,0,0,379,69,0,49,4,100,168,0,0,7,7,0,0,35,48
D_0__Bacteria;D_1__Firmicutes;D_2__Bacilli;D_3__Bacillales;D_4__Bacillaceae;D_5__Vulcanibacillus;D_6__uncultured bacterium,13,0,73,0,0,0,0,8,58,5,8,42,0,42,0,0,7,130,0,0,97,110,19,80,36,36,91,0,0,0,0,0,0,16,31
D_0__Bacteria;D_1__Firmicutes;D_2__Bacilli;D_3__Bacillales;D_4__Family XII;D_5__Exiguobacterium;Ambiguous_taxa,15,0,2,6,0,378,0,0,0,45,0,784,23,0,6509,0,13,223,0,0,0,0,0,0,0,0,0,0,0,0,0,0,0,0,0
D_0__Bacteria;D_1__Firmicutes;D_2__Bacilli;D_3__Bacillales;D_4__Paenibacillaceae;D_5__Paenibacillus;D_6__uncultured bacterium,0,0,0,0,0,0,0,0,0,0,0,0,0,0,0,0,0,0,0,0,0,0,0,0,0,0,0,0,0,0,0,0,0,11,19
D_0__Bacteria;D_1__Firmicutes;D_2__Bacilli;D_3__Lactobacillales;D_4__Carnobacteriaceae;D_5__Trichococcus;__,0,0,0,0,0,0,0,0,0,0,0,0,0,0,222,0,0,0,0,0,0,0,0,0,0,0,0,0,0,0,0,0,0,0,0
D_0__Bacteria;D_1__Firmicutes;D_2__Clostridia;D_3__Clostridiales;D_4__Christensenellaceae;D_5__Christensenellaceae R-7 group;D_6__uncultured microorganism,0,0,0,0,0,0,0,0,0,0,0,4,0,12,0,0,0,0,0,0,6,4,0,0,0,0,0,0,0,0,0,0,0,0,0
D_0__Bacteria;D_1__Firmicutes;D_2__Clostridia;D_3__Clostridiales;D_4__Family XIII;D_5__Anaerovorax;D_6__uncultured bacterium,5,57,15,6,0,0,0,92,40,0,27,15,0,0,0,0,46,42,0,0,22,0,0,20,0,0,6,0,0,0,0,0,0,0,0
D_0__Bacteria;D_1__Firmicutes;D_2__Clostridia;D_3__Clostridiales;D_4__Family XIII;D_5__[Eubacterium] brachy group;D_6__uncultured bacterium,0,0,0,0,0,0,0,0,0,0,0,5,0,5,0,0,0,0,0,0,0,3,0,0,0,0,0,0,0,0,0,0,0,0,0
D_0__Bacteria;D_1__Firmicutes;D_2__Clostridia;D_3__Clostridiales;D_4__Peptococcaceae;D_5__Dehalobacter;Ambiguous_taxa,0,0,0,0,0,0,0,0,0,0,0,37,0,0,0,0,0,3,0,0,0,0,0,0,0,0,5,0,0,0,0,0,0,0,0
D_0__Bacteria;D_1__Firmicutes;D_2__Clostridia;D_3__Clostridiales;D_4__Ruminococcaceae;D_5__Saccharofermentans;D_6__uncultured bacterium,0,0,0,0,0,0,0,0,0,0,0,34,0,6,0,0,0,17,0,0,0,0,8,0,8,0,17,0,0,0,0,0,2,0,0
D_0__Bacteria;D_1__Firmicutes;D_2__Clostridia;D_3__Clostridiales;D_4__Ruminococcaceae;D_5__uncultured;D_6__uncultured bacterium,2,0,7,0,0,0,0,0,9,0,0,4,0,0,0,0,0,7,0,4,2,28,6,8,0,3,21,0,0,0,0,0,0,7,9
D_0__Bacteria;D_1__Firmicutes;D_2__Clostridia;D_3__Clostridiales;D_4__TC1;D_5__uncultured bacterium;D_6__uncultured bacterium,0,0,0,0,30,0,0,0,0,0,0,0,0,64,0,0,0,0,0,0,0,0,0,0,0,0,9,0,0,2,8,0,0,0,0
D_0__Bacteria;D_1__Firmicutes;D_2__Erysipelotrichia;D_3__Erysipelotrichales;D_4__Erysipelotrichaceae;D_5__Erysipelotrichaceae UCG-004;D_6__uncultured bacterium,23,0,4,20,42,18,0,0,0,10,3,0,20,44,0,0,0,0,95,182,6,0,0,0,0,4,7,9,15,0,0,174,188,154,127
D_0__Bacteria;D_1__Firmicutes;D_2__Negativicutes;D_3__Selenomonadales;D_4__Veillonellaceae;D_5__uncultured;D_6__uncultured bacterium,0,0,0,0,0,0,0,0,0,0,0,0,0,0,0,0,0,0,0,0,6,0,4,8,0,0,5,0,0,0,0,0,0,0,0
D_0__Bacteria;D_1__Firmicutes;D_2__Negativicutes;D_3__Selenomonadales;D_4__Veillonellaceae;D_5__uncultured;__,0,0,0,0,0,0,0,0,0,0,0,0,0,0,0,0,0,8,0,0,0,12,0,0,0,0,0,0,0,0,0,0,0,0,0
D_0__Bacteria;D_1__Fusobacteria;D_2__Fusobacteriia;D_3__Fusobacteriales;D_4__Leptotrichiaceae;D_5__uncultured;D_6__uncultured bacterium,0,0,4,0,0,0,0,0,0,0,7,6,0,6,0,0,0,0,0,0,8,14,0,0,12,0,7,0,0,0,0,0,0,0,0
D_0__Bacteria;D_1__Hydrogenedentes;D_2__Hydrogenedentia;D_3__Hydrogenedentiales;D_4__Hydrogenedensaceae;D_5__uncultured bacterium;D_6__uncultured bacterium,0,0,0,0,6,0,0,0,0,0,0,8,0,64,0,0,0,0,0,0,6,7,0,0,0,4,36,0,0,0,15,0,0,0,0
D_0__Bacteria;D_1__Hydrogenedentes;D_2__Hydrogenedentia;D_3__Hydrogenedentiales;D_4__Hydrogenedensaceae;__;__,0,0,0,0,0,0,0,0,0,0,3,7,0,0,0,0,0,0,0,0,8,0,0,3,0,0,0,0,0,0,0,0,0,0,0
D_0__Bacteria;D_1__Kiritimatiellaeota;D_2__Kiritimatiellae;D_3__Kiritimatiellales;D_4__Kiritimatiellaceae;D_5__MSBL3;D_6__uncultured bacterium,10,0,14,0,13,0,0,0,5,0,6,15,0,99,0,0,0,22,0,0,5,60,15,0,12,13,79,0,0,0,2,0,0,0,0
D_0__Bacteria;D_1__Kiritimatiellaeota;D_2__Kiritimatiellae;D_3__WCHB1-41;D_4__uncultured Verrucomicrobia bacterium;D_5__uncultured Verrucomicrobia bacterium;D_6__uncultured Verrucomicrobia bacterium,9,0,39,0,39,0,0,0,19,0,0,60,0,57,6,0,0,26,0,0,34,26,0,26,0,0,37,0,0,0,0,0,0,0,5
D_0__Bacteria;D_1__Kiritimatiellaeota;D_2__Kiritimatiellae;D_3__WCHB1-41;D_4__uncultured bacterium;D_5__uncultured bacterium;D_6__uncultured bacterium,0,3,0,0,7,0,0,0,0,0,0,0,0,21,0,0,0,0,0,0,15,46,13,0,6,10,80,0,0,0,0,0,0,0,9
D_0__Bacteria;D_1__Kiritimatiellaeota;D_2__Kiritimatiellae;D_3__WCHB1-41;D_4__uncultured prokaryote;D_5__uncultured prokaryote;D_6__uncultured prokaryote,0,0,0,0,2,0,0,0,0,0,0,41,0,0,0,0,0,41,0,0,0,10,5,0,10,0,8,0,0,0,0,0,0,0,0
D_0__Bacteria;D_1__Kiritimatiellaeota;D_2__Kiritimatiellae;D_3__WCHB1-41;__;__;__,8,0,41,0,74,6,0,0,24,0,0,152,0,160,9,0,29,69,0,0,57,71,0,24,4,28,83,0,0,18,9,0,0,0,23
D_0__Bacteria;D_1__LCP-89;D_2__uncultured bacterium;D_3__uncultured bacterium;D_4__uncultured bacterium;D_5__uncultured bacterium;D_6__uncultured bacterium,9,0,21,0,47,0,0,0,7,0,0,4,0,55,0,0,0,0,0,0,35,15,0,7,0,12,29,0,0,0,3,0,0,0,6
D_0__Bacteria;D_1__Latescibacteria;D_2__Latescibacteria;D_3__Latescibacterales;D_4__Latescibacteraceae;D_5__Candidatus Latescibacter;D_6__uncultured bacterium,0,0,27,0,49,0,0,0,0,0,0,0,0,0,0,0,0,0,0,0,18,0,0,0,0,0,0,0,0,9,0,0,0,0,0
D_0__Bacteria;D_1__Latescibacteria;D_2__uncultured bacterium;D_3__uncultured bacterium;D_4__uncultured bacterium;D_5__uncultured bacterium;D_6__uncultured bacterium,0,0,0,0,0,0,0,0,0,0,0,40,0,20,0,0,0,9,0,0,0,22,2,0,0,0,40,0,0,0,4,0,0,0,5
D_0__Bacteria;D_1__Lentisphaerae;D_2__Lentisphaeria;D_3__Victivallales;D_4__GWF2-44-16;D_5__uncultured bacterium;D_6__uncultured bacterium,0,0,0,0,0,0,0,0,0,0,0,0,0,7,0,0,0,0,0,0,8,5,0,0,0,5,8,0,0,0,0,0,0,3,0
D_0__Bacteria;D_1__Lentisphaerae;D_2__Lentisphaeria;D_3__Victivallales;D_4__PRD18C08;D_5__uncultured bacterium;D_6__uncultured bacterium,23,10,168,0,26,0,0,8,39,0,0,17,0,15,0,0,0,30,0,0,145,8,0,57,4,55,40,0,0,8,0,0,0,20,11
D_0__Bacteria;D_1__Lentisphaerae;D_2__Oligosphaeria;D_3__Oligosphaerales;D_4__Lenti-02;D_5__uncultured bacterium;D_6__uncultured bacterium,0,0,12,0,13,0,0,0,9,0,4,31,0,36,0,0,0,25,0,0,21,5,0,4,0,0,26,0,0,0,0,0,0,0,0
D_0__Bacteria;D_1__Marinimicrobia (SAR406 clade);D_2__uncultured Bacteroidetes/Chlorobi group bacterium;D_3__uncultured Bacteroidetes/Chlorobi group bacterium;D_4__uncultured Bacteroidetes/Chlorobi group bacterium;D_5__uncultured Bacteroidetes/Chlorobi group bacterium;D_6__uncultured Bacteroidetes/Chlorobi group bacterium,0,0,30,2,200,0,0,0,0,0,0,0,0,23,7,0,0,0,0,0,18,10,0,0,0,14,7,0,0,10,0,0,0,0,12
D_0__Bacteria;D_1__Marinimicrobia (SAR406 clade);D_2__uncultured bacterium;D_3__uncultured bacterium;D_4__uncultured bacterium;D_5__uncultured bacterium;D_6__uncultured bacterium,7,0,90,0,452,0,0,0,7,0,0,0,0,72,0,0,0,0,0,0,119,15,0,9,0,67,40,0,0,12,0,0,0,7,10
D_0__Bacteria;D_1__Marinimicrobia (SAR406 clade);__;__;__;__;__,0,0,0,0,56,0,0,0,0,0,0,0,0,0,0,0,0,0,0,0,8,0,0,0,0,0,0,0,0,0,0,0,0,0,0
D_0__Bacteria;D_1__Omnitrophicaeota;D_2__Omnitrophia;D_3__Omnitrophales;D_4__Omnitrophaceae;D_5__Candidatus Omnitrophus;D_6__uncultured bacterium,0,0,0,0,35,0,0,0,9,0,0,0,0,27,0,0,0,0,0,0,0,15,0,0,0,15,0,0,0,0,0,0,0,3,0
D_0__Bacteria;D_1__Omnitrophicaeota;D_2__Omnitrophia;D_3__Omnitrophales;D_4__Omnitrophaceae;D_5__Candidatus Omnitrophus;__,0,0,0,0,0,0,0,0,0,0,0,0,0,0,0,0,0,0,0,0,8,0,0,6,0,0,16,0,0,0,0,0,0,0,0
D_0__Bacteria;D_1__Omnitrophicaeota;D_2__Omnitrophica WOR_2 bacterium RIFCSPLOWO2_12_FULL_51_24;D_3__Omnitrophica WOR_2 bacterium RIFCSPLOWO2_12_FULL_51_24;D_4__Omnitrophica WOR_2 bacterium RIFCSPLOWO2_12_FULL_51_24;D_5__Omnitrophica WOR_2 bacterium RIFCSPLOWO2_12_FULL_51_24;D_6__Omnitrophica WOR_2 bacterium RIFCSPLOWO2_12_FULL_51_24,6,0,42,5,97,0,0,0,10,0,0,5,0,15,0,0,0,0,0,0,31,7,0,7,0,16,16,0,0,12,0,0,0,0,5
D_0__Bacteria;D_1__Omnitrophicaeota;D_2__uncultured Omnitrophica bacterium;D_3__uncultured Omnitrophica bacterium;D_4__uncultured Omnitrophica bacterium;D_5__uncultured Omnitrophica bacterium;D_6__uncultured Omnitrophica bacterium,34,16,180,9,237,5,0,16,54,0,0,31,0,103,0,0,0,28,0,0,148,43,0,65,0,97,82,0,0,41,0,0,0,22,20
D_0__Bacteria;D_1__Omnitrophicaeota;D_2__uncultured Verrucomicrobia bacterium;D_3__uncultured Verrucomicrobia bacterium;D_4__uncultured Verrucomicrobia bacterium;D_5__uncultured Verrucomicrobia bacterium;D_6__uncultured Verrucomicrobia bacterium,0,0,46,0,63,0,0,0,0,0,0,0,0,18,0,0,0,0,0,0,46,0,0,22,8,24,21,0,0,6,0,0,0,0,0
D_0__Bacteria;D_1__Omnitrophicaeota;D_2__uncultured bacterium;D_3__uncultured bacterium;D_4__uncultured bacterium;D_5__uncultured bacterium;D_6__uncultured bacterium,15,8,207,0,498,0,0,0,44,0,0,7,0,307,0,0,0,0,0,0,194,40,0,50,4,52,68,0,0,48,0,0,0,8,16
D_0__Bacteria;D_1__Omnitrophicaeota;D_2__uncultured organism;D_3__uncultured organism;D_4__uncultured organism;D_5__uncultured organism;D_6__uncultured organism,0,0,0,0,9,0,0,0,0,0,0,0,0,15,0,0,0,0,0,0,0,0,0,0,0,0,0,0,0,0,0,0,0,0,0
D_0__Bacteria;D_1__Omnitrophicaeota;D_2__uncultured planctomycete;D_3__uncultured planctomycete;D_4__uncultured planctomycete;D_5__uncultured planctomycete;D_6__uncultured planctomycete,0,0,0,0,22,0,0,0,0,0,0,4,0,0,0,0,0,0,0,0,0,0,0,0,0,0,0,0,0,0,5,0,0,0,0
D_0__Bacteria;D_1__Omnitrophicaeota;__;__;__;__;__,0,0,162,0,337,0,0,0,39,0,10,6,0,66,7,0,0,4,0,0,141,39,12,51,3,79,100,0,0,4,0,0,0,0,0
D_0__Bacteria;D_1__Patescibacteria;D_2__Microgenomatia;D_3__Candidatus Gottesmanbacteria;D_4__uncultured bacterium;D_5__uncultured bacterium;D_6__uncultured bacterium,2,0,0,0,12,0,0,0,4,0,0,3,0,0,0,0,0,0,0,0,0,0,0,0,0,0,0,0,0,0,0,0,0,0,0
D_0__Bacteria;D_1__Patescibacteria;D_2__Saccharimonadia;D_3__Saccharimonadales;D_4__uncultured candidate division WS5 bacterium;D_5__uncultured candidate division WS5 bacterium;D_6__uncultured candidate division WS5 bacterium,0,0,0,0,0,0,0,0,0,0,0,0,10,0,11,0,0,0,0,4,0,3,0,0,0,0,0,0,0,0,0,4,0,0,0
D_0__Bacteria;D_1__Patescibacteria;D_2__WWE3;D_3__uncultured candidate division WWE3 bacterium;D_4__uncultured candidate division WWE3 bacterium;D_5__uncultured candidate division WWE3 bacterium;D_6__uncultured candidate division WWE3 bacterium,0,0,9,0,10,0,0,0,2,0,0,7,0,23,0,0,0,0,0,0,0,0,0,0,0,0,0,0,0,0,0,0,0,0,0
D_0__Bacteria;D_1__Patescibacteria;D_2__WWE3;__;__;__;__,15,0,0,5,0,0,0,0,0,0,0,0,0,0,0,0,0,0,0,7,0,0,0,0,0,0,0,0,0,0,0,0,0,0,3
D_0__Bacteria;D_1__Planctomycetes;D_2__BD7-11;D_3__uncultured planctomycete;D_4__uncultured planctomycete;D_5__uncultured planctomycete;D_6__uncultured planctomycete,0,0,7,0,0,0,0,0,0,0,0,0,0,13,0,0,0,0,0,0,0,0,0,0,0,0,0,0,0,0,0,0,0,0,0
D_0__Bacteria;D_1__Planctomycetes;D_2__Phycisphaerae;D_3__MSBL9;D_4__GWC2-45-44;Ambiguous_taxa;Ambiguous_taxa,0,0,0,0,3,0,0,0,0,0,0,0,0,39,0,0,0,4,0,0,0,16,0,0,0,0,18,0,0,0,5,0,0,0,0
D_0__Bacteria;D_1__Planctomycetes;D_2__Phycisphaerae;D_3__MSBL9;D_4__KCLunmb-38-53;D_5__uncultured bacterium;D_6__uncultured bacterium,0,0,0,0,0,0,0,0,0,0,0,2,0,0,0,0,0,0,0,0,0,6,0,0,0,0,14,0,0,0,0,0,0,0,0
D_0__Bacteria;D_1__Planctomycetes;D_2__Phycisphaerae;D_3__MSBL9;D_4__SG8-4;D_5__uncultured planctomycete;D_6__uncultured planctomycete,6,0,0,0,6,0,0,0,0,0,0,17,0,65,0,0,0,0,0,0,0,9,7,0,0,8,20,0,0,0,9,0,0,0,0
D_0__Bacteria;D_1__Planctomycetes;D_2__Phycisphaerae;D_3__Phycisphaerales;D_4__AKAU3564 sediment group;D_5__uncultured bacterium;D_6__uncultured bacterium,0,0,0,0,0,0,0,0,0,0,0,0,0,19,0,0,0,0,0,0,0,15,0,0,6,0,22,0,0,0,7,0,0,0,0
D_0__Bacteria;D_1__Planctomycetes;D_2__Phycisphaerae;D_3__Phycisphaerales;D_4__AKAU3564 sediment group;D_5__uncultured planctomycete;D_6__uncultured planctomycete,0,0,0,0,3,0,0,0,0,0,0,0,0,33,0,0,0,0,0,0,0,0,0,0,0,0,5,0,0,0,0,0,0,0,0
D_0__Bacteria;D_1__Planctomycetes;D_2__Phycisphaerae;D_3__Phycisphaerales;D_4__AKAU3564 sediment group;__;__,0,0,0,0,0,0,0,0,0,0,0,0,0,39,0,0,0,0,0,0,0,8,0,0,0,0,21,0,0,0,0,0,0,0,0
D_0__Bacteria;D_1__Planctomycetes;D_2__Phycisphaerae;D_3__Phycisphaerales;D_4__Phycisphaeraceae;D_5__CL500-3;D_6__uncultured bacterium,8,0,0,4,0,3,0,0,0,19,12,2,34,3,3,7,0,0,0,10,0,0,0,0,0,0,0,0,0,0,0,8,32,12,25
D_0__Bacteria;D_1__Planctomycetes;D_2__Planctomycetacia;D_3__Gemmatales;D_4__Gemmataceae;D_5__uncultured;Ambiguous_taxa,8,0,0,11,0,3,0,0,0,0,0,0,26,0,19,0,0,0,3,29,0,0,0,0,0,0,0,0,0,0,0,0,7,6,0
D_0__Bacteria;D_1__Planctomycetes;D_2__Planctomycetacia;D_3__Isosphaerales;D_4__Isosphaeraceae;D_5__uncultured;D_6__uncultured bacterium,0,10,14,0,0,0,0,7,0,0,40,89,0,20,12,0,140,75,0,2,0,16,0,7,0,0,4,4,9,0,3,0,6,0,7
D_0__Bacteria;D_1__Planctomycetes;D_2__Planctomycetacia;D_3__Pirellulales;D_4__Pirellulaceae;D_5__Candidatus Anammoximicrobium;D_6__uncultured bacterium,3,0,0,0,5,0,0,0,0,0,0,43,0,31,0,0,0,26,0,0,9,28,0,0,9,0,33,0,0,4,0,0,0,0,3
D_0__Bacteria;D_1__Planctomycetes;D_2__Planctomycetacia;D_3__Pirellulales;D_4__Pirellulaceae;D_5__Pir4 lineage;__,0,0,0,0,0,0,0,0,0,0,0,18,0,55,0,0,0,0,0,0,0,0,0,0,0,0,14,0,0,0,19,0,0,0,0
D_0__Bacteria;D_1__Planctomycetes;D_2__Planctomycetacia;D_3__Pirellulales;D_4__Pirellulaceae;D_5__Pirellula;Ambiguous_taxa,2,0,0,0,0,0,0,0,0,790,25,43,639,19,449,8,24,18,0,9,0,0,0,0,0,0,0,0,0,0,0,0,0,0,0
D_0__Bacteria;D_1__Planctomycetes;D_2__Planctomycetacia;D_3__Pirellulales;D_4__Pirellulaceae;D_5__Pirellula;__,0,0,0,0,0,0,0,0,0,59,0,0,48,0,0,0,0,0,0,0,0,0,0,0,0,0,0,0,0,0,0,0,0,0,0
D_0__Bacteria;D_1__Planctomycetes;D_2__Planctomycetacia;D_3__Pirellulales;D_4__Pirellulaceae;D_5__uncultured;Ambiguous_taxa,186,0,8,98,19,104,24,8,0,451,48,26,464,33,401,21,36,17,213,682,29,18,0,7,0,9,36,13,10,0,0,47,80,70,102
D_0__Bacteria;D_1__Planctomycetes;D_2__Planctomycetacia;D_3__Pirellulales;D_4__Pirellulaceae;D_5__uncultured;D_6__uncultured bacterium,0,0,0,0,0,0,0,0,0,0,0,151,0,126,0,0,0,36,0,0,0,26,0,0,9,0,71,0,0,0,19,0,0,0,0
D_0__Bacteria;D_1__Planctomycetes;D_2__Planctomycetacia;D_3__Pirellulales;D_4__Pirellulaceae;D_5__uncultured;__,227,13,37,38,11,46,14,0,0,245,0,89,54,217,123,0,0,5,42,310,7,15,0,0,0,10,10,0,0,0,21,0,0,0,0
D_0__Bacteria;D_1__Planctomycetes;D_2__Planctomycetacia;D_3__Pirellulales;D_4__Pirellulaceae;__;__,0,0,0,0,0,0,0,0,0,0,0,0,0,12,0,0,0,0,0,0,0,0,0,0,0,0,0,0,0,0,11,0,0,0,0
D_0__Bacteria;D_1__Planctomycetes;D_2__Planctomycetacia;D_3__Planctomycetales;D_4__Rubinisphaeraceae;D_5__uncultured;D_6__uncultured bacterium,0,0,0,0,0,0,0,0,0,0,0,4,0,0,0,0,0,23,0,0,0,0,0,0,0,0,5,0,0,0,0,0,0,0,0
D_0__Bacteria;D_1__Planctomycetes;D_2__Planctomycetacia;D_3__Planctomycetales;D_4__Schlesneriaceae;D_5__Planctopirus;Ambiguous_taxa,0,0,0,0,0,0,0,0,0,30,0,0,61,9,43,4,0,0,0,0,0,0,0,0,0,0,0,0,0,0,0,0,0,0,0
D_0__Bacteria;D_1__Proteobacteria;D_2__Alphaproteobacteria;D_3__Acetobacterales;D_4__Acetobacteraceae;D_5__uncultured;__,0,13,0,0,0,0,0,14,0,0,2,0,0,0,0,0,0,0,0,0,0,0,0,0,0,0,0,0,0,0,0,0,0,21,10
D_0__Bacteria;D_1__Proteobacteria;D_2__Alphaproteobacteria;D_3__Azospirillales;D_4__Azospirillaceae;D_5__Azospirillum;Ambiguous_taxa,0,14,0,0,0,0,25,0,0,0,0,0,0,0,0,0,0,0,0,0,0,0,0,0,0,0,0,0,0,0,0,0,0,0,0
D_0__Bacteria;D_1__Proteobacteria;D_2__Alphaproteobacteria;D_3__Azospirillales;D_4__Azospirillaceae;D_5__Azospirillum;D_6__uncultured bacterium,0,0,0,0,0,0,25,0,0,0,0,0,0,0,0,8,0,0,0,0,0,0,0,0,0,0,0,0,0,0,0,0,0,0,0
D_0__Bacteria;D_1__Proteobacteria;D_2__Alphaproteobacteria;D_3__Azospirillales;D_4__Azospirillaceae;D_5__Niveispirillum;Ambiguous_taxa,17,54,6,16,0,13,124,0,0,0,16,0,0,0,0,19,0,0,0,0,0,0,0,0,0,0,0,0,0,0,0,0,0,0,0
D_0__Bacteria;D_1__Proteobacteria;D_2__Alphaproteobacteria;D_3__Caulobacterales;D_4__Caulobacteraceae;D_5__Brevundimonas;Ambiguous_taxa,99,36,17,73,0,65,175,0,0,366,138,27,129,22,438,666,179,9,0,77,0,0,0,0,0,0,0,0,0,34,0,8,5,132,28
D_0__Bacteria;D_1__Proteobacteria;D_2__Alphaproteobacteria;D_3__Caulobacterales;D_4__Caulobacteraceae;D_5__Caulobacter;Ambiguous_taxa,39,39,0,61,0,47,123,0,0,148,125,0,143,11,22,576,0,0,46,7,0,0,0,0,0,0,0,0,0,0,0,108,7,53,6
D_0__Bacteria;D_1__Proteobacteria;D_2__Alphaproteobacteria;D_3__Caulobacterales;D_4__Caulobacteraceae;D_5__Phenylobacterium;__,14,23,0,17,0,15,54,0,0,0,12,0,0,0,0,100,0,0,0,0,0,0,0,0,0,0,0,0,0,0,0,0,0,0,0
D_0__Bacteria;D_1__Proteobacteria;D_2__Alphaproteobacteria;D_3__Elsterales;D_4__Elsteraceae;D_5__uncultured;D_6__uncultured bacterium,16,0,0,0,0,0,0,0,0,56,27,0,21,0,15,33,0,10,0,0,0,0,0,0,0,0,0,0,0,0,0,0,0,0,0
D_0__Bacteria;D_1__Proteobacteria;D_2__Alphaproteobacteria;D_3__Micavibrionales;D_4__uncultured;D_5__uncultured bacterium;D_6__uncultured bacterium,48,13,11,33,0,13,37,3,0,9,8,0,4,0,2,7,0,0,0,0,0,0,0,0,0,0,0,0,0,0,0,0,0,0,0
D_0__Bacteria;D_1__Proteobacteria;D_2__Alphaproteobacteria;D_3__Paracaedibacterales;D_4__Paracaedibacteraceae;D_5__uncultured;__,0,0,0,0,0,0,0,0,0,0,0,0,0,0,0,0,0,0,0,23,0,0,0,0,0,0,0,0,0,0,0,0,6,0,8
D_0__Bacteria;D_1__Proteobacteria;D_2__Alphaproteobacteria;D_3__Reyranellales;D_4__Reyranellaceae;D_5__Reyranella;__,0,0,0,0,0,0,0,0,0,0,0,0,0,0,0,16,0,0,0,0,0,0,0,0,0,0,0,0,0,42,5,0,0,0,0
D_0__Bacteria;D_1__Proteobacteria;D_2__Alphaproteobacteria;D_3__Rhizobiales;D_4__Beijerinckiaceae;D_5__Bosea;Ambiguous_taxa,0,3,0,0,0,0,35,0,0,17,0,0,5,0,11,0,9,0,0,0,0,0,0,0,0,0,0,0,0,0,0,0,0,0,0
D_0__Bacteria;D_1__Proteobacteria;D_2__Alphaproteobacteria;D_3__Rhizobiales;D_4__Beijerinckiaceae;D_5__Methylobacterium;__,0,0,0,0,0,0,0,0,0,0,0,0,0,0,0,0,0,0,0,0,0,0,0,0,0,0,0,0,0,0,0,0,0,258,0
D_0__Bacteria;D_1__Proteobacteria;D_2__Alphaproteobacteria;D_3__Rhizobiales;D_4__Beijerinckiaceae;D_5__alphaI cluster;D_6__uncultured bacterium,0,0,0,0,0,0,0,0,0,68,0,0,17,0,28,0,0,0,0,0,0,0,0,0,0,0,0,0,0,0,0,0,0,0,0
D_0__Bacteria;D_1__Proteobacteria;D_2__Alphaproteobacteria;D_3__Rhizobiales;D_4__Beijerinckiaceae;__;__,62,0,0,16,0,19,0,0,0,5,0,0,0,0,0,0,0,0,40,15,0,0,0,0,0,0,0,0,0,0,0,16,3,14,0
D_0__Bacteria;D_1__Proteobacteria;D_2__Alphaproteobacteria;D_3__Rhizobiales;D_4__Devosiaceae;D_5__Devosia;Ambiguous_taxa,0,3,0,0,0,9,15,0,0,0,0,0,0,0,8,0,6,0,0,0,0,0,0,0,0,0,0,0,0,0,0,0,0,0,0
D_0__Bacteria;D_1__Proteobacteria;D_2__Alphaproteobacteria;D_3__Rhizobiales;D_4__Devosiaceae;D_5__Devosia;__,9,8,0,0,0,8,30,0,0,0,0,0,0,0,15,0,0,0,0,0,0,0,0,0,0,0,0,0,0,0,0,0,0,0,0
D_0__Bacteria;D_1__Proteobacteria;D_2__Alphaproteobacteria;D_3__Rhizobiales;D_4__Devosiaceae;__;__,0,0,0,0,0,0,0,0,0,128,31,0,17,0,0,36,0,3,0,8,0,0,0,0,0,0,0,0,0,0,0,0,0,0,0
D_0__Bacteria;D_1__Proteobacteria;D_2__Alphaproteobacteria;D_3__Rhizobiales;D_4__Hyphomicrobiaceae;D_5__Pedomicrobium;D_6__uncultured bacterium,0,0,0,0,0,0,0,0,0,33,0,0,8,0,18,0,0,0,0,0,0,0,0,0,0,0,0,0,0,0,0,0,0,0,0
D_0__Bacteria;D_1__Proteobacteria;D_2__Alphaproteobacteria;D_3__Rhizobiales;D_4__Rhizobiaceae;D_5__Allorhizobium-Neorhizobium-Pararhizobium-Rhizobium;D_6__uncultured Rhizobium sp.,0,0,0,0,0,0,25,0,0,0,0,0,0,0,0,0,0,0,0,0,0,0,0,0,0,0,0,0,0,0,0,0,0,0,0
D_0__Bacteria;D_1__Proteobacteria;D_2__Alphaproteobacteria;D_3__Rhizobiales;D_4__Rhizobiaceae;D_5__Allorhizobium-Neorhizobium-Pararhizobium-Rhizobium;D_6__uncultured bacterium,29,17,0,0,0,29,411,0,0,42,0,0,19,0,39,122,0,0,0,0,0,0,0,0,0,0,0,0,0,0,0,0,0,0,0
D_0__Bacteria;D_1__Proteobacteria;D_2__Alphaproteobacteria;D_3__Rhizobiales;D_4__Rhizobiaceae;D_5__Allorhizobium-Neorhizobium-Pararhizobium-Rhizobium;__,0,32,0,20,0,0,525,0,0,27,10,0,26,0,91,162,56,0,0,0,0,0,0,0,0,0,0,0,0,116,30,0,0,22,0
D_0__Bacteria;D_1__Proteobacteria;D_2__Alphaproteobacteria;D_3__Rhizobiales;D_4__Rhizobiales Incertae Sedis;D_5__Phreatobacter;D_6__uncultured bacterium,0,0,0,0,0,0,0,0,0,8,0,0,9,0,5,0,0,0,0,0,0,0,0,0,0,0,0,0,0,0,0,0,0,0,0
D_0__Bacteria;D_1__Proteobacteria;D_2__Alphaproteobacteria;D_3__Rhizobiales;D_4__Rhizobiales Incertae Sedis;D_5__uncultured;__,17,0,0,5,0,6,5,0,0,104,42,0,17,0,30,31,6,0,0,0,0,0,0,0,0,0,0,0,0,0,0,0,0,0,0
D_0__Bacteria;D_1__Proteobacteria;D_2__Alphaproteobacteria;D_3__Rhizobiales;D_4__Stappiaceae;__;__,0,0,0,0,0,0,8,0,0,0,0,0,0,0,0,0,0,0,0,0,0,0,0,0,0,0,0,0,0,0,0,0,0,0,0
D_0__Bacteria;D_1__Proteobacteria;D_2__Alphaproteobacteria;D_3__Rhizobiales;D_4__Xanthobacteraceae;D_5__Ancylobacter;Ambiguous_taxa,0,0,0,0,0,0,6,0,0,0,0,0,0,0,5,0,0,0,0,0,0,0,0,0,0,0,0,0,0,11,0,0,0,0,0
D_0__Bacteria;D_1__Proteobacteria;D_2__Alphaproteobacteria;D_3__Rhizobiales;D_4__Xanthobacteraceae;D_5__Pseudoxanthobacter;Ambiguous_taxa,0,9,0,0,0,0,0,4,0,0,0,0,0,0,0,7,0,0,0,0,0,0,0,4,0,0,0,0,0,15,0,0,0,0,0
D_0__Bacteria;D_1__Proteobacteria;D_2__Alphaproteobacteria;D_3__Rhizobiales;D_4__Xanthobacteraceae;D_5__Rhodopseudomonas;Ambiguous_taxa,0,0,0,0,0,0,0,0,0,0,0,0,0,0,0,0,0,0,0,0,0,0,0,0,0,0,0,0,0,148,185,0,0,0,0
D_0__Bacteria;D_1__Proteobacteria;D_2__Alphaproteobacteria;D_3__Rhizobiales;D_4__Xanthobacteraceae;D_5__Xanthobacter;Ambiguous_taxa,6,18,0,16,0,0,152,0,0,24,9,0,10,0,14,54,0,0,0,0,0,0,0,0,0,0,0,0,0,0,0,0,0,0,0
D_0__Bacteria;D_1__Proteobacteria;D_2__Alphaproteobacteria;D_3__Rhodobacterales;D_4__Rhodobacteraceae;D_5__Defluviimonas;D_6__uncultured bacterium,0,0,0,0,0,0,9,0,0,0,0,0,0,0,0,12,0,0,0,0,0,0,0,0,0,0,0,0,0,0,0,0,0,0,0
D_0__Bacteria;D_1__Proteobacteria;D_2__Alphaproteobacteria;D_3__Rhodobacterales;D_4__Rhodobacteraceae;D_5__Pseudorhodobacter;D_6__uncultured bacterium,0,0,0,41,0,12,0,0,0,38,0,0,131,0,17,0,0,0,0,0,0,0,0,0,0,0,0,0,0,0,0,0,0,0,0
D_0__Bacteria;D_1__Proteobacteria;D_2__Alphaproteobacteria;D_3__Rhodobacterales;D_4__Rhodobacteraceae;D_5__Rhodobacter;__,0,0,0,0,0,6,0,0,0,76,0,0,24,0,102,0,0,0,0,0,5,0,0,0,0,0,0,0,0,0,0,0,0,0,0
D_0__Bacteria;D_1__Proteobacteria;D_2__Alphaproteobacteria;D_3__Rhodobacterales;D_4__Rhodobacteraceae;__;__,38,57,0,41,0,27,26,69,9,142,21,0,49,0,0,12,4,0,441,288,0,0,0,0,0,0,0,27,6,0,0,279,87,171,30
D_0__Bacteria;D_1__Proteobacteria;D_2__Alphaproteobacteria;D_3__Rhodospirillales;D_4__Magnetospirillaceae;D_5__Magnetospirillum;D_6__uncultured bacterium,24,0,0,0,0,0,0,0,0,35,0,0,15,0,0,0,0,0,0,0,0,0,0,0,0,0,0,0,0,0,0,0,0,0,0
D_0__Bacteria;D_1__Proteobacteria;D_2__Alphaproteobacteria;D_3__Rhodospirillales;D_4__Magnetospirillaceae;D_5__Magnetospirillum;__,3,30,12,17,5,27,241,0,0,0,42,0,0,31,4,53,0,0,0,0,0,0,0,0,0,0,0,0,0,0,0,0,0,0,0
D_0__Bacteria;D_1__Proteobacteria;D_2__Alphaproteobacteria;D_3__Rhodospirillales;D_4__uncultured;D_5__uncultured bacterium;D_6__uncultured bacterium,4,0,0,34,0,9,0,0,0,0,28,9,7,0,0,0,40,23,0,0,0,0,0,0,0,0,0,0,0,0,3,0,0,0,0
D_0__Bacteria;D_1__Proteobacteria;D_2__Alphaproteobacteria;D_3__Rickettsiales;D_4__AB1;D_5__uncultured bacterium;D_6__uncultured bacterium,41,0,0,0,0,2,0,0,0,10,0,0,0,0,0,0,0,0,0,0,0,0,0,0,0,0,0,0,0,0,0,0,0,0,0
D_0__Bacteria;D_1__Proteobacteria;D_2__Alphaproteobacteria;D_3__Rickettsiales;D_4__Mitochondria;D_5__metagenome;D_6__metagenome,0,0,0,0,0,0,0,0,0,0,0,0,0,0,0,0,0,0,16,36,0,0,0,13,0,0,0,141,118,0,0,19,12,17,7
D_0__Bacteria;D_1__Proteobacteria;D_2__Alphaproteobacteria;D_3__Rickettsiales;D_4__Mitochondria;D_5__unidentified proteobacterium;D_6__unidentified proteobacterium,0,5,0,0,0,0,0,2,0,0,19,0,0,10,0,0,0,0,0,0,0,0,0,0,0,0,0,0,0,0,0,0,0,0,0
D_0__Bacteria;D_1__Proteobacteria;D_2__Alphaproteobacteria;D_3__Rickettsiales;D_4__Rickettsiaceae;D_5__uncultured;D_6__uncultured bacterium,0,21,0,0,0,0,0,16,0,0,5,0,0,0,0,0,0,0,0,0,0,0,0,0,0,0,0,0,0,0,0,0,0,0,0
D_0__Bacteria;D_1__Proteobacteria;D_2__Alphaproteobacteria;D_3__Rickettsiales;D_4__SM2D12;D_5__uncultured bacterium;D_6__uncultured bacterium,18,9,0,0,0,0,0,0,0,0,8,0,0,0,0,5,0,0,0,0,0,0,0,0,0,0,0,0,0,0,0,0,0,0,0
D_0__Bacteria;D_1__Proteobacteria;D_2__Alphaproteobacteria;D_3__Rickettsiales;D_4__uncultured;D_5__uncultured bacterium;D_6__uncultured bacterium,32,0,0,22,0,16,8,0,0,0,0,0,4,0,0,0,0,0,0,0,0,0,0,0,0,0,0,4,0,0,0,0,0,0,0
D_0__Bacteria;D_1__Proteobacteria;D_2__Alphaproteobacteria;D_3__Rickettsiales;D_4__uncultured;__;__,6,0,0,5,0,5,0,0,0,0,0,0,0,0,0,0,0,0,6,7,0,0,0,0,0,0,0,12,8,0,0,10,4,14,11
D_0__Bacteria;D_1__Proteobacteria;D_2__Alphaproteobacteria;D_3__SAR11 clade;D_4__Clade III;D_5__uncultured bacterium;D_6__uncultured bacterium,1380,143,0,916,0,396,78,4,0,28,0,0,27,0,21,0,0,0,495,549,0,0,0,2,0,0,0,636,70,3,0,1004,131,1111,130
D_0__Bacteria;D_1__Proteobacteria;D_2__Alphaproteobacteria;D_3__Sphingomonadales;D_4__Sphingomonadaceae;D_5__Novosphingobium;Ambiguous_taxa,0,0,0,0,0,0,0,0,0,0,0,0,0,0,0,0,0,0,0,0,0,0,0,0,0,0,0,0,0,0,0,0,0,108,0
D_0__Bacteria;D_1__Proteobacteria;D_2__Alphaproteobacteria;D_3__Sphingomonadales;D_4__Sphingomonadaceae;D_5__Novosphingobium;__,342,163,0,110,9,222,464,8,7,234,159,9,84,9,136,190,0,6,0,0,0,0,0,0,0,0,0,0,0,0,0,0,0,46,0
D_0__Bacteria;D_1__Proteobacteria;D_2__Alphaproteobacteria;D_3__Sphingomonadales;D_4__Sphingomonadaceae;D_5__Porphyrobacter;__,0,0,0,79,0,8,0,0,0,109,0,0,233,0,43,0,0,0,0,0,0,0,0,0,0,0,0,0,0,0,0,0,0,0,0
D_0__Bacteria;D_1__Proteobacteria;D_2__Alphaproteobacteria;D_3__Sphingomonadales;D_4__Sphingomonadaceae;D_5__Sphingobium;Ambiguous_taxa,233,139,0,64,0,117,354,0,6,64,68,12,30,0,31,72,27,4,0,0,0,0,0,0,0,0,0,0,0,247,39,0,0,35,0
D_0__Bacteria;D_1__Proteobacteria;D_2__Alphaproteobacteria;D_3__Sphingomonadales;D_4__Sphingomonadaceae;D_5__Sphingobium;__,0,0,0,0,0,0,0,0,0,0,0,0,0,0,5,0,0,0,0,0,0,0,0,0,0,0,0,0,0,85,35,0,0,0,0
D_0__Bacteria;D_1__Proteobacteria;D_2__Alphaproteobacteria;D_3__Sphingomonadales;D_4__Sphingomonadaceae;D_5__Sphingomonas;__,174,14,4,38,0,68,134,0,0,53,31,0,22,0,32,170,0,0,0,0,0,0,0,0,0,0,0,0,0,0,0,0,0,0,0
D_0__Bacteria;D_1__Proteobacteria;D_2__Alphaproteobacteria;D_3__Sphingomonadales;D_4__Sphingomonadaceae;D_5__Sphingorhabdus;D_6__uncultured bacterium,124,45,0,169,0,80,9,39,0,10,0,0,14,0,4,0,0,0,436,93,0,0,0,0,0,0,0,119,8,0,0,199,12,127,0
D_0__Bacteria;D_1__Proteobacteria;D_2__Alphaproteobacteria;D_3__Sphingomonadales;D_4__Sphingomonadaceae;__;__,94,49,0,110,0,33,17,4,0,31,27,0,35,0,3,10,0,0,172,62,0,0,0,0,0,0,0,0,0,0,0,34,16,28,4
D_0__Bacteria;D_1__Proteobacteria;D_2__Alphaproteobacteria;D_3__Thalassobaculales;D_4__uncultured;D_5__uncultured bacterium;D_6__uncultured bacterium,0,12,9,0,0,0,0,11,11,0,0,0,0,0,0,0,0,0,0,0,3,0,0,0,0,0,0,0,0,0,0,0,0,0,0
D_0__Bacteria;D_1__Proteobacteria;D_2__Deltaproteobacteria;D_3__Bdellovibrionales;D_4__Bacteriovoracaceae;D_5__uncultured;D_6__uncultured bacterium,0,13,5,0,0,0,0,11,0,0,20,0,0,0,0,0,0,0,0,0,0,0,0,0,0,0,0,0,0,0,0,0,0,0,0
D_0__Bacteria;D_1__Proteobacteria;D_2__Deltaproteobacteria;D_3__Bdellovibrionales;D_4__Bdellovibrionaceae;D_5__OM27 clade;D_6__metagenome,0,0,0,0,0,0,0,0,0,17,0,0,52,0,5,0,0,0,0,0,0,0,0,0,0,0,0,0,0,0,0,0,0,0,0
D_0__Bacteria;D_1__Proteobacteria;D_2__Deltaproteobacteria;D_3__Bdellovibrionales;D_4__Bdellovibrionaceae;D_5__OM27 clade;D_6__uncultured bacterium,0,3,0,8,0,8,0,0,0,24,5,0,149,0,0,0,0,0,11,515,0,0,0,0,0,0,0,2,23,0,2,26,234,151,779
D_0__Bacteria;D_1__Proteobacteria;D_2__Deltaproteobacteria;D_3__Bdellovibrionales;D_4__Bdellovibrionaceae;D_5__OM27 clade;__,0,0,0,0,0,0,0,0,0,0,0,0,0,0,0,0,0,0,0,26,0,0,0,0,0,0,0,0,0,0,0,0,4,0,17
D_0__Bacteria;D_1__Proteobacteria;D_2__Deltaproteobacteria;D_3__Bradymonadales;D_4__uncultured bacterium;D_5__uncultured bacterium;D_6__uncultured bacterium,0,0,0,3,0,7,0,0,0,20,0,0,124,0,3,0,0,0,0,40,0,0,0,0,0,0,0,0,6,0,0,20,58,100,408
D_0__Bacteria;D_1__Proteobacteria;D_2__Deltaproteobacteria;D_3__Desulfarculales;D_4__Desulfarculaceae;D_5__Desulfatiglans;__,43,13,297,2,131,0,0,9,116,0,5,186,0,119,0,0,0,131,0,0,231,48,0,126,0,104,92,0,0,32,24,0,14,48,30
D_0__Bacteria;D_1__Proteobacteria;D_2__Deltaproteobacteria;D_3__Desulfobacterales;D_4__Desulfobacteraceae;D_5__SEEP-SRB1;__,0,0,0,0,13,0,0,0,0,0,0,0,0,17,0,0,0,0,0,0,0,0,0,0,0,0,0,0,0,0,0,0,0,0,0
D_0__Bacteria;D_1__Proteobacteria;D_2__Deltaproteobacteria;D_3__Desulfobacterales;D_4__Desulfobacteraceae;D_5__uncultured;__,0,0,0,0,0,0,0,0,0,0,0,0,0,0,0,0,0,0,0,0,0,24,0,0,0,0,9,0,0,0,0,0,0,0,8
D_0__Bacteria;D_1__Proteobacteria;D_2__Deltaproteobacteria;D_3__Desulfobacterales;D_4__Desulfobacteraceae;__;__,11,0,66,0,23,0,0,0,19,0,0,0,0,0,0,0,0,0,0,0,56,0,0,38,0,30,0,0,0,12,0,0,0,8,0
D_0__Bacteria;D_1__Proteobacteria;D_2__Deltaproteobacteria;D_3__Desulfobacterales;D_4__Desulfobulbaceae;D_5__Desulfocapsa;D_6__uncultured bacterium,34,15,61,4,38,6,0,29,36,48,4409,2288,10,504,14,0,11668,1716,0,0,72,155,211,131,61,42,193,3,3,30,728,0,11,17,30
D_0__Bacteria;D_1__Proteobacteria;D_2__Deltaproteobacteria;D_3__Desulfobacterales;D_4__Desulfobulbaceae;D_5__Desulfocapsa;__,0,0,14,0,0,0,0,0,0,0,0,0,0,0,0,0,116,0,0,0,7,0,0,0,0,0,0,0,0,0,0,0,0,0,0
D_0__Bacteria;D_1__Proteobacteria;D_2__Deltaproteobacteria;D_3__Desulfobacterales;D_4__Desulfobulbaceae;D_5__SEEP-SRB2;D_6__uncultured bacterium,0,0,16,0,104,0,0,0,0,0,0,0,0,22,0,0,0,0,0,0,4,0,0,0,0,0,3,0,0,12,0,0,0,0,0
D_0__Bacteria;D_1__Proteobacteria;D_2__Deltaproteobacteria;D_3__Desulfovibrionales;D_4__Desulfovibrionaceae;D_5__Desulfovibrio;__,7,5,0,0,0,0,0,0,4,0,0,0,0,10,0,0,0,0,0,0,5,0,0,0,0,0,0,0,0,4,0,0,0,0,0
D_0__Bacteria;D_1__Proteobacteria;D_2__Deltaproteobacteria;D_3__Desulfuromonadales;D_4__Geobacteraceae;D_5__Geobacter;D_6__uncultured bacterium,16,0,94,0,0,0,0,2,23,0,0,0,0,0,0,0,0,0,0,0,48,0,0,6,0,37,0,0,0,0,0,0,0,10,0
D_0__Bacteria;D_1__Proteobacteria;D_2__Deltaproteobacteria;D_3__Desulfuromonadales;D_4__Geobacteraceae;D_5__Geobacter;__,25,0,158,0,10,0,0,0,0,0,0,23,0,15,0,0,0,14,0,0,42,9,0,11,0,34,44,0,0,0,0,0,0,0,0
D_0__Bacteria;D_1__Proteobacteria;D_2__Deltaproteobacteria;D_3__Myxococcales;D_4__Blfdi19;D_5__uncultured bacterium;D_6__uncultured bacterium,0,0,0,6,0,0,0,0,0,0,0,0,14,0,0,0,0,0,0,0,0,0,0,0,0,0,0,0,0,0,0,0,0,0,0
D_0__Bacteria;D_1__Proteobacteria;D_2__Deltaproteobacteria;D_3__Myxococcales;__;__;__,0,0,0,4,0,0,0,0,0,0,0,0,2,0,0,0,0,0,0,8,0,0,0,0,0,0,0,0,0,0,0,3,4,4,5
D_0__Bacteria;D_1__Proteobacteria;D_2__Deltaproteobacteria;D_3__NKB15;D_4__uncultured bacterium;D_5__uncultured bacterium;D_6__uncultured bacterium,0,0,2,0,16,0,0,0,8,0,0,27,0,9,0,0,0,5,0,0,0,5,0,5,0,0,0,0,0,0,0,0,0,0,0
D_0__Bacteria;D_1__Proteobacteria;D_2__Deltaproteobacteria;D_3__Oligoflexales;D_4__0319-6G20;D_5__uncultured bacterium;D_6__uncultured bacterium,13,0,0,8,0,5,0,0,0,0,0,0,42,0,0,0,0,0,0,0,0,0,0,0,0,0,0,0,0,0,0,0,0,31,0
D_0__Bacteria;D_1__Proteobacteria;D_2__Deltaproteobacteria;D_3__Oligoflexales;D_4__Oligoflexaceae;D_5__Oligoflexus;D_6__uncultured bacterium,17,0,0,0,0,0,0,0,0,37,0,0,0,0,0,0,0,0,0,0,0,0,0,0,0,0,0,0,0,0,0,0,0,0,0
D_0__Bacteria;D_1__Proteobacteria;D_2__Deltaproteobacteria;D_3__Oligoflexales;D_4__Oligoflexaceae;D_5__Oligoflexus;__,12,0,0,0,0,0,0,0,0,78,0,0,12,0,4,0,0,0,0,0,0,0,0,0,0,0,0,0,0,0,0,0,0,0,0
D_0__Bacteria;D_1__Proteobacteria;D_2__Deltaproteobacteria;D_3__Oligoflexales;D_4__Oligoflexaceae;D_5__uncultured;D_6__uncultured bacterium,120,0,0,39,0,8,0,0,0,348,0,0,349,0,128,0,3,0,0,0,0,0,0,0,0,0,0,0,0,0,0,0,0,0,0
D_0__Bacteria;D_1__Proteobacteria;D_2__Deltaproteobacteria;D_3__PB19;D_4__uncultured bacterium;D_5__uncultured bacterium;D_6__uncultured bacterium,0,0,0,0,0,0,0,0,0,46,0,0,235,0,0,0,0,0,0,0,0,0,0,0,0,0,0,0,0,0,0,0,0,0,0
D_0__Bacteria;D_1__Proteobacteria;D_2__Deltaproteobacteria;D_3__Sva0485;Ambiguous_taxa;Ambiguous_taxa;Ambiguous_taxa,0,0,16,0,29,0,0,0,0,0,0,0,0,12,0,0,0,0,0,0,11,0,0,9,0,9,0,0,0,11,0,0,0,0,0
D_0__Bacteria;D_1__Proteobacteria;D_2__Deltaproteobacteria;D_3__Sva0485;D_4__uncultured bacterium;D_5__uncultured bacterium;D_6__uncultured bacterium,0,0,0,0,0,0,0,0,0,0,0,0,0,0,0,0,0,0,0,0,0,19,0,0,4,0,0,0,0,0,0,0,0,0,10
D_0__Bacteria;D_1__Proteobacteria;D_2__Deltaproteobacteria;D_3__Sva0485;D_4__uncultured delta proteobacterium;D_5__uncultured delta proteobacterium;D_6__uncultured delta proteobacterium,8,2,54,0,76,0,0,2,7,2,0,0,0,5,0,0,0,0,0,0,54,0,0,13,0,20,8,0,0,11,0,0,0,7,0
D_0__Bacteria;D_1__Proteobacteria;D_2__Deltaproteobacteria;D_3__Sva0485;__;__;__,6,0,43,0,41,0,0,0,17,0,7,8,0,71,0,0,0,15,0,0,36,9,0,26,0,29,39,0,0,6,0,0,0,5,0
D_0__Bacteria;D_1__Proteobacteria;D_2__Deltaproteobacteria;D_3__Syntrophobacterales;D_4__Syntrophaceae;D_5__Desulfobacca;D_6__uncultured bacterium,56,19,267,5,116,6,0,8,85,10,12,721,8,635,23,0,0,245,0,0,358,146,0,189,0,161,296,0,0,49,43,0,7,74,68
D_0__Bacteria;D_1__Proteobacteria;D_2__Deltaproteobacteria;D_3__Syntrophobacterales;D_4__Syntrophaceae;D_5__Desulfomonile;D_6__uncultured bacterium,18,0,95,0,121,0,0,0,15,3,0,86,0,199,8,0,10,46,0,0,29,23,12,23,9,16,52,0,0,37,14,4,0,10,13
D_0__Bacteria;D_1__Proteobacteria;D_2__Deltaproteobacteria;D_3__Syntrophobacterales;D_4__Syntrophaceae;D_5__Syntrophus;D_6__uncultured bacterium,132,87,889,56,2121,11,0,68,613,19,19,65,0,290,18,0,7,56,0,0,842,54,16,572,0,415,176,0,0,294,26,2,13,118,74
D_0__Bacteria;D_1__Proteobacteria;D_2__Deltaproteobacteria;D_3__Syntrophobacterales;D_4__Syntrophaceae;D_5__Syntrophus;__,0,0,13,0,27,0,0,0,0,0,0,0,0,0,0,0,0,0,0,0,0,0,0,0,0,0,0,0,0,4,0,0,0,0,0
D_0__Bacteria;D_1__Proteobacteria;D_2__Gammaproteobacteria;D_3__Alteromonadales;D_4__Alteromonadaceae;D_5__Rheinheimera;__,0,0,0,0,0,12,0,0,0,5,0,0,4,0,110,0,0,10,0,0,0,0,0,0,0,0,0,0,0,0,0,0,0,0,0
D_0__Bacteria;D_1__Proteobacteria;D_2__Gammaproteobacteria;D_3__Betaproteobacteriales;D_4__Burkholderiaceae;D_5__Aquabacterium;D_6__uncultured bacterium,63,402,0,64,0,51,519,10,0,146,179,0,72,0,62,1636,18,0,0,0,0,0,0,0,0,0,0,0,0,0,0,0,0,0,0
D_0__Bacteria;D_1__Proteobacteria;D_2__Gammaproteobacteria;D_3__Betaproteobacteriales;D_4__Burkholderiaceae;D_5__Aquabacterium;__,81,457,58,132,74,59,131,0,37,39,379,0,46,67,0,423,0,16,0,0,0,0,0,0,0,0,0,0,0,0,0,0,0,0,0
D_0__Bacteria;D_1__Proteobacteria;D_2__Gammaproteobacteria;D_3__Betaproteobacteriales;D_4__Burkholderiaceae;D_5__Comamonas;__,0,0,0,0,0,0,14,0,0,0,0,0,44,0,0,91,0,0,0,0,0,0,0,0,0,0,0,0,0,0,0,0,0,0,0
D_0__Bacteria;D_1__Proteobacteria;D_2__Gammaproteobacteria;D_3__Betaproteobacteriales;D_4__Burkholderiaceae;D_5__Delftia;__,0,0,0,0,0,0,0,0,0,0,0,0,0,0,0,0,0,0,0,0,0,0,0,0,0,0,0,0,0,73,35,0,0,0,0
D_0__Bacteria;D_1__Proteobacteria;D_2__Gammaproteobacteria;D_3__Betaproteobacteriales;D_4__Burkholderiaceae;D_5__GKS98 freshwater group;__,0,19,0,15,0,19,11,31,0,0,3,0,0,0,0,0,0,0,147,54,0,0,0,0,0,0,0,138,20,0,0,229,21,148,17
D_0__Bacteria;D_1__Proteobacteria;D_2__Gammaproteobacteria;D_3__Betaproteobacteriales;D_4__Burkholderiaceae;D_5__Hydrogenophaga;D_6__uncultured bacterium,0,0,0,0,0,0,4,0,0,3,0,0,0,0,0,19,0,0,0,0,0,0,0,0,0,0,0,0,0,0,0,0,0,41,0
D_0__Bacteria;D_1__Proteobacteria;D_2__Gammaproteobacteria;D_3__Betaproteobacteriales;D_4__Burkholderiaceae;D_5__Hydrogenophaga;__,355,361,29,182,60,197,245,0,23,148,214,0,59,30,18,2478,0,0,0,0,0,0,0,0,0,0,0,0,0,0,0,0,0,0,0
D_0__Bacteria;D_1__Proteobacteria;D_2__Gammaproteobacteria;D_3__Betaproteobacteriales;D_4__Burkholderiaceae;D_5__Limnohabitans;__,763,116,0,797,10,201,0,263,7,77,19,0,179,0,0,9,17,0,769,116,0,0,0,0,0,0,0,204,0,0,0,544,32,315,26
D_0__Bacteria;D_1__Proteobacteria;D_2__Gammaproteobacteria;D_3__Betaproteobacteriales;D_4__Burkholderiaceae;D_5__MWH-UniP1 aquatic group;D_6__uncultured bacterium,32,23,0,0,0,0,15,0,0,0,0,0,0,0,0,0,0,0,0,0,0,0,0,0,0,0,0,0,0,0,0,0,0,0,0
D_0__Bacteria;D_1__Proteobacteria;D_2__Gammaproteobacteria;D_3__Betaproteobacteriales;D_4__Burkholderiaceae;D_5__Massilia;__,0,0,0,0,0,0,0,0,0,0,0,0,0,0,0,0,0,0,0,0,0,0,0,0,0,0,0,0,0,0,0,0,0,499,0
D_0__Bacteria;D_1__Proteobacteria;D_2__Gammaproteobacteria;D_3__Betaproteobacteriales;D_4__Burkholderiaceae;D_5__Polaromonas;__,156,90,0,276,0,142,22,193,0,20,20,0,68,0,0,0,0,0,344,108,0,0,0,0,0,0,0,182,45,0,0,415,55,439,79
D_0__Bacteria;D_1__Proteobacteria;D_2__Gammaproteobacteria;D_3__Betaproteobacteriales;D_4__Burkholderiaceae;D_5__Polynucleobacter;Ambiguous_taxa,0,126,0,0,0,0,0,192,22,0,0,0,0,0,0,0,10,0,0,0,0,0,0,11,0,0,0,1368,35,0,0,21,0,116,8
D_0__Bacteria;D_1__Proteobacteria;D_2__Gammaproteobacteria;D_3__Betaproteobacteriales;D_4__Burkholderiaceae;D_5__Polynucleobacter;D_6__uncultured bacterium,75,23,0,233,0,155,15,14,0,0,0,0,35,0,14,0,0,0,449,319,0,0,0,0,0,0,0,117,38,0,0,566,70,408,38
D_0__Bacteria;D_1__Proteobacteria;D_2__Gammaproteobacteria;D_3__Betaproteobacteriales;D_4__Burkholderiaceae;D_5__Polynucleobacter;__,282,61,0,125,0,44,38,11,0,13,32,3,0,4,0,0,28,0,109,34,0,0,0,0,0,0,0,34,0,0,0,85,0,57,0
D_0__Bacteria;D_1__Proteobacteria;D_2__Gammaproteobacteria;D_3__Betaproteobacteriales;D_4__Burkholderiaceae;D_5__Rhizobacter;__,0,8,0,0,0,0,0,0,0,29,25,0,0,0,0,16,0,0,21,83,0,0,0,0,0,0,0,0,0,0,0,18,16,20,0
D_0__Bacteria;D_1__Proteobacteria;D_2__Gammaproteobacteria;D_3__Betaproteobacteriales;D_4__Burkholderiaceae;D_5__Rhodoferax;__,234,481,217,316,31,187,24,1000,41,41,499,63,62,0,7,0,151,16,310,87,19,0,19,18,0,6,10,669,127,16,0,689,64,842,176
D_0__Bacteria;D_1__Proteobacteria;D_2__Gammaproteobacteria;D_3__Betaproteobacteriales;D_4__Burkholderiaceae;__;__,520,387,30,360,10,236,895,394,11,495,175,0,235,0,295,1284,47,15,354,169,0,0,5,0,0,0,0,1139,253,180,35,537,145,938,285
D_0__Bacteria;D_1__Proteobacteria;D_2__Gammaproteobacteria;D_3__Betaproteobacteriales;D_4__Hydrogenophilaceae;D_5__uncultured;D_6__uncultured bacterium,7,426,151,51,0,0,22,492,84,0,43,0,0,7,0,0,18,12,0,0,135,12,2,86,0,37,13,35,5,10,0,0,0,10,9
D_0__Bacteria;D_1__Proteobacteria;D_2__Gammaproteobacteria;D_3__Betaproteobacteriales;D_4__Methylophilaceae;D_5__Candidatus Methylopumilus;D_6__uncultured bacterium,11,21,9,108,0,138,16,43,0,0,0,0,10,0,0,0,0,0,157,53,0,0,0,0,0,0,0,320,23,0,0,296,12,272,14
D_0__Bacteria;D_1__Proteobacteria;D_2__Gammaproteobacteria;D_3__Betaproteobacteriales;D_4__Methylophilaceae;D_5__uncultured;D_6__uncultured bacterium,0,0,0,8,0,0,0,0,0,0,0,0,4,0,0,0,0,0,0,9,0,0,0,0,0,0,0,0,0,0,0,0,0,0,0
D_0__Bacteria;D_1__Proteobacteria;D_2__Gammaproteobacteria;D_3__Betaproteobacteriales;D_4__Rhodocyclaceae;D_5__Ferribacterium;D_6__uncultured bacterium,6302,1443,207,1607,20,910,5104,33,86,3275,617,21,822,26,166,542,0,23,0,0,0,0,0,0,0,0,0,0,0,0,0,0,0,0,0
D_0__Bacteria;D_1__Proteobacteria;D_2__Gammaproteobacteria;D_3__Betaproteobacteriales;D_4__Rhodocyclaceae;D_5__Methyloversatilis;D_6__uncultured bacterium,0,6,0,0,0,0,0,0,0,8,0,0,10,0,0,0,0,0,0,21,0,0,0,0,0,0,0,0,0,0,0,0,14,0,18
D_0__Bacteria;D_1__Proteobacteria;D_2__Gammaproteobacteria;D_3__Betaproteobacteriales;D_4__T34;D_5__uncultured bacterium;D_6__uncultured bacterium,0,0,0,0,0,0,0,0,0,17,0,0,48,0,36,0,0,0,0,40,0,5,0,0,0,0,0,0,4,0,0,6,8,12,84
D_0__Bacteria;D_1__Proteobacteria;D_2__Gammaproteobacteria;D_3__Betaproteobacteriales;D_4__TRA3-20;__;__,0,0,0,0,0,4,0,0,0,0,0,0,0,0,0,0,0,0,0,0,0,0,0,0,0,0,0,0,0,0,0,25,0,13,0
D_0__Bacteria;D_1__Proteobacteria;D_2__Gammaproteobacteria;D_3__Chromatiales;D_4__Chromatiaceae;D_5__Chromatium;D_6__uncultured bacterium,14,0,16,0,0,0,0,0,0,45,22,223,57,136,0,0,0,1113,9,0,45,654,164,35,202,179,1278,0,0,14,72,19,19,93,101
D_0__Bacteria;D_1__Proteobacteria;D_2__Gammaproteobacteria;D_3__Chromatiales;D_4__Chromatiaceae;D_5__Thiocystis;D_6__uncultured bacterium,54,27,45,10,17,22,0,17,3,54,72,539,0,187,82,0,58,85,0,4,119,239,157,36,39,62,358,0,0,153,117,24,31,38,69
D_0__Bacteria;D_1__Proteobacteria;D_2__Gammaproteobacteria;D_3__Chromatiales;D_4__Chromatiaceae;D_5__uncultured;D_6__uncultured bacterium,9,0,0,0,0,0,0,0,0,0,429,44,0,97,0,0,25,89,0,0,15,205,117,0,51,16,210,0,0,0,259,7,13,0,12
D_0__Bacteria;D_1__Proteobacteria;D_2__Gammaproteobacteria;D_3__Chromatiales;D_4__Chromatiaceae;__;__,0,0,0,0,0,0,0,0,0,73,1924,1139,19,298,27,0,921,716,0,22,0,234,365,19,101,45,267,0,6,30,1621,0,27,11,50
D_0__Bacteria;D_1__Proteobacteria;D_2__Gammaproteobacteria;D_3__Coxiellales;D_4__Coxiellaceae;D_5__Coxiella;__,8,0,25,0,10,0,0,0,7,0,0,27,0,14,0,0,0,18,0,0,29,16,3,55,0,0,20,0,0,8,10,0,0,0,13
D_0__Bacteria;D_1__Proteobacteria;D_2__Gammaproteobacteria;D_3__Enterobacteriales;D_4__Enterobacteriaceae;D_5__Providencia;Ambiguous_taxa,0,2,0,0,0,11,0,0,0,0,13,0,5,4,159,0,24,19,0,0,0,0,0,0,0,0,0,0,0,0,0,0,0,0,0
D_0__Bacteria;D_1__Proteobacteria;D_2__Gammaproteobacteria;D_3__Enterobacteriales;D_4__Enterobacteriaceae;D_5__Serratia;Ambiguous_taxa,0,0,0,0,0,0,0,0,0,0,0,0,0,0,0,0,11,0,0,6,0,0,0,0,0,0,0,0,3,0,0,0,0,0,34
D_0__Bacteria;D_1__Proteobacteria;D_2__Gammaproteobacteria;D_3__Gammaproteobacteria Incertae Sedis;D_4__Unknown Family;D_5__Acidibacter;D_6__uncultured bacterium,40,0,0,59,0,20,0,0,0,0,0,0,5,0,0,0,0,0,18,13,0,0,0,0,0,0,0,0,0,0,0,12,8,5,4
D_0__Bacteria;D_1__Proteobacteria;D_2__Gammaproteobacteria;D_3__Legionellales;D_4__Legionellaceae;D_5__Legionella;D_6__uncultured bacterium,0,7,0,0,0,0,0,0,0,9,0,0,0,0,16,0,10,0,0,0,0,0,3,0,0,0,0,0,0,0,0,0,0,0,0
D_0__Bacteria;D_1__Proteobacteria;D_2__Gammaproteobacteria;D_3__Legionellales;D_4__Legionellaceae;D_5__Legionella;__,13,0,0,0,0,0,0,0,0,7,0,0,0,0,0,0,0,0,0,0,0,0,0,0,0,0,0,0,0,0,0,0,0,0,0
D_0__Bacteria;D_1__Proteobacteria;D_2__Gammaproteobacteria;D_3__Methylococcales;D_4__Methylomonaceae;D_5__Crenothrix;D_6__uncultured bacterium,0,11,10,0,0,0,0,0,0,0,37,0,0,0,0,0,10,0,0,0,0,0,0,0,0,0,0,0,0,0,0,0,0,0,0
D_0__Bacteria;D_1__Proteobacteria;D_2__Gammaproteobacteria;D_3__Oceanospirillales;D_4__Pseudohongiellaceae;D_5__Pseudohongiella;D_6__uncultured bacterium,0,0,0,11,0,13,0,0,0,0,0,0,0,0,0,0,0,0,12,4,0,0,0,0,0,0,0,0,0,0,0,23,2,26,0
D_0__Bacteria;D_1__Proteobacteria;D_2__Gammaproteobacteria;D_3__Pseudomonadales;D_4__Moraxellaceae;D_5__Acinetobacter;D_6__Acinetobacter calcoaceticus,16,13,0,0,0,5,11,0,0,43,16,6,12,0,56,12,0,0,0,0,0,0,0,0,0,0,0,0,0,0,0,0,0,0,0
D_0__Bacteria;D_1__Proteobacteria;D_2__Gammaproteobacteria;D_3__Pseudomonadales;D_4__Pseudomonadaceae;D_5__Pseudomonas;__,0,0,0,0,0,0,0,0,2,0,0,0,0,0,66,0,90,0,0,0,0,0,0,0,0,0,0,0,0,318,194,0,0,42,0
D_0__Bacteria;D_1__Proteobacteria;D_2__Gammaproteobacteria;D_3__Xanthomonadales;D_4__Rhodanobacteraceae;D_5__Aquimonas;D_6__uncultured bacterium,0,0,0,0,0,0,3,0,0,123,39,14,21,0,26,310,0,0,0,0,0,0,0,0,0,0,0,0,0,0,0,0,0,0,0
D_0__Bacteria;D_1__Proteobacteria;D_2__Gammaproteobacteria;D_3__Xanthomonadales;D_4__Xanthomonadaceae;D_5__Stenotrophomonas;__,0,0,0,0,0,0,0,0,0,0,0,0,0,0,0,0,0,0,0,0,0,0,2,0,0,0,0,0,0,337,32,0,0,0,0
D_0__Bacteria;D_1__Spirochaetes;D_2__Leptospirae;D_3__Leptospirales;D_4__Leptospiraceae;D_5__Leptospira;D_6__Leptospira biflexa,30,5,0,3,0,20,38,0,0,64,23,0,18,0,0,13,0,4,0,0,0,0,0,0,0,0,0,0,0,0,0,0,0,0,0
D_0__Bacteria;D_1__Spirochaetes;D_2__MVP-15;D_3__uncultured bacterium;D_4__uncultured bacterium;D_5__uncultured bacterium;D_6__uncultured bacterium,0,0,0,0,0,0,0,0,0,0,0,11,0,0,0,0,0,0,0,0,14,0,0,0,0,0,8,0,0,0,0,0,0,0,0
D_0__Bacteria;D_1__Spirochaetes;D_2__Spirochaetia;D_3__Spirochaetales;D_4__Spirochaetaceae;D_5__Sphaerochaeta;D_6__uncultured bacterium,23,12,158,0,94,0,0,8,72,9,44,51,4,425,0,0,0,90,0,0,101,294,76,123,70,68,364,0,0,0,6,0,7,12,11
D_0__Bacteria;D_1__Spirochaetes;D_2__Spirochaetia;D_3__Spirochaetales;D_4__Spirochaetaceae;D_5__Treponema;D_6__uncultured bacterium,0,0,0,0,0,0,0,5,0,0,32,9,0,0,0,0,6,13,0,0,0,0,4,0,0,0,0,0,0,0,0,0,0,0,0
D_0__Bacteria;D_1__Spirochaetes;D_2__Spirochaetia;D_3__Spirochaetales;D_4__Spirochaetaceae;D_5__uncultured;Ambiguous_taxa,0,0,0,3,51,0,0,0,6,0,0,0,0,18,0,0,0,0,0,0,23,12,0,6,4,9,11,0,0,6,10,0,0,2,0
D_0__Bacteria;D_1__Spirochaetes;D_2__Spirochaetia;D_3__Spirochaetales;D_4__Spirochaetaceae;D_5__uncultured;D_6__uncultured prokaryote,0,0,0,0,10,0,0,0,0,3,157,72,0,29,0,0,26,39,0,0,0,8,23,10,12,11,30,0,0,0,25,0,0,0,8
D_0__Bacteria;D_1__TA06;D_2__uncultured soil bacterium;D_3__uncultured soil bacterium;D_4__uncultured soil bacterium;D_5__uncultured soil bacterium;D_6__uncultured soil bacterium,8,0,13,0,107,4,0,0,0,0,0,58,0,162,8,0,0,6,0,0,22,18,9,0,0,21,63,0,0,27,19,0,0,0,0
D_0__Bacteria;D_1__Tenericutes;D_2__Mollicutes;D_3__EUB33-2;D_4__uncultured bacterium;D_5__uncultured bacterium;D_6__uncultured bacterium,8,30,72,5,34,0,0,27,22,0,17,5,2,6,0,0,3,11,0,0,271,19,0,104,7,53,32,0,0,0,0,0,0,7,7
D_0__Bacteria;D_1__Tenericutes;D_2__Mollicutes;D_3__Izimaplasmatales;D_4__Izimaplasmataceae;D_5__uncultured bacterium;D_6__uncultured bacterium,30,28,279,9,429,0,0,19,34,6,9,22,0,190,0,0,3,12,0,0,611,55,0,114,8,146,215,0,0,5,0,0,0,14,17
D_0__Bacteria;D_1__Tenericutes;D_2__Mollicutes;__;__;__;__,0,0,7,0,5,0,0,0,0,0,0,0,0,0,0,0,0,0,0,0,23,0,0,0,0,0,0,0,0,0,0,0,0,0,0
D_0__Bacteria;D_1__Verrucomicrobia;D_2__Verrucomicrobiae;D_3__Chthoniobacterales;D_4__Chthoniobacteraceae;D_5__LD29;D_6__uncultured bacterium,138,6,0,36,0,46,4,0,0,44,0,0,10,11,20,0,0,0,22,50,0,0,0,0,0,0,0,0,0,0,0,0,5,0,3
D_0__Bacteria;D_1__Verrucomicrobia;D_2__Verrucomicrobiae;D_3__Chthoniobacterales;D_4__Terrimicrobiaceae;D_5__Terrimicrobium;D_6__uncultured bacterium,0,0,7,19,12,8,0,0,0,0,6,31,64,38,16,0,4,70,0,0,11,6,9,25,7,6,19,0,0,0,7,10,9,14,14
D_0__Bacteria;D_1__Verrucomicrobia;D_2__Verrucomicrobiae;D_3__LD1-PB3;D_4__uncultured bacterium;D_5__uncultured bacterium;D_6__uncultured bacterium,0,0,0,0,0,0,0,0,0,0,0,81,0,33,0,0,0,26,0,0,0,7,0,0,0,0,4,0,0,0,0,0,0,0,0
D_0__Bacteria;D_1__Verrucomicrobia;D_2__Verrucomicrobiae;D_3__Methylacidiphilales;D_4__Methylacidiphilaceae;D_5__uncultured;Ambiguous_taxa,274,15,0,71,0,35,10,0,0,43,11,0,17,0,0,0,0,0,64,297,0,0,0,0,0,0,0,0,0,0,0,58,23,21,13
D_0__Bacteria;D_1__Verrucomicrobia;D_2__Verrucomicrobiae;D_3__Opitutales;D_4__Opitutaceae;D_5__IMCC26134;__,0,0,0,21,0,20,0,0,0,0,0,0,42,0,8,0,0,0,0,12,0,0,0,0,0,0,0,0,0,0,0,0,4,0,0
D_0__Bacteria;D_1__Verrucomicrobia;D_2__Verrucomicrobiae;D_3__Opitutales;D_4__Opitutaceae;D_5__Lacunisphaera;__,0,16,0,0,0,0,0,12,0,0,0,0,0,0,0,0,0,0,0,0,0,0,0,0,0,0,0,0,0,0,0,0,0,0,0
D_0__Bacteria;D_1__Verrucomicrobia;D_2__Verrucomicrobiae;D_3__Opitutales;D_4__Opitutaceae;__;__,9,49,8,0,0,0,0,42,8,0,5,0,0,0,0,0,0,0,50,14,0,0,0,0,0,0,0,4,0,0,0,18,0,30,3
D_0__Bacteria;D_1__Verrucomicrobia;D_2__Verrucomicrobiae;D_3__Pedosphaerales;D_4__Pedosphaeraceae;D_5__uncultured bacterium;D_6__uncultured bacterium,0,0,4,0,9,0,0,0,0,0,0,0,0,11,0,0,0,0,0,0,0,3,0,0,0,0,5,0,0,0,0,0,0,0,0
D_0__Bacteria;D_1__Verrucomicrobia;D_2__Verrucomicrobiae;D_3__Pedosphaerales;D_4__Pedosphaeraceae;__;__,27,0,6,43,13,13,0,0,0,14,0,2,46,33,15,0,0,0,24,22,5,10,0,0,0,5,25,0,0,0,4,21,15,29,10
D_0__Bacteria;D_1__Verrucomicrobia;D_2__Verrucomicrobiae;D_3__Verrucomicrobiales;D_4__DEV007;Ambiguous_taxa;Ambiguous_taxa,0,0,0,0,0,0,0,0,0,0,0,0,11,0,11,0,0,0,0,0,0,0,0,0,0,0,0,0,0,0,0,0,0,0,0
D_0__Bacteria;D_1__Verrucomicrobia;D_2__Verrucomicrobiae;D_3__Verrucomicrobiales;D_4__Rubritaleaceae;D_5__Luteolibacter;D_6__uncultured bacterium,13,0,0,13,9,9,8,0,0,0,0,21,18,16,8,0,0,31,0,36,0,0,0,0,0,0,0,11,19,0,0,23,9,38,14
D_0__Bacteria;D_1__Verrucomicrobia;D_2__Verrucomicrobiae;D_3__Verrucomicrobiales;D_4__Rubritaleaceae;D_5__Luteolibacter;__,0,0,0,0,0,0,0,0,0,0,0,17,0,26,9,0,0,12,0,30,0,0,0,0,0,0,0,13,49,0,2,27,20,46,230
D_0__Bacteria;D_1__Verrucomicrobia;D_2__Verrucomicrobiae;D_3__Verrucomicrobiales;D_4__Verrucomicrobiaceae;D_5__Prosthecobacter;D_6__uncultured bacterium,0,0,0,0,0,0,0,0,0,0,0,0,0,0,0,0,0,0,0,0,0,0,0,0,0,0,0,0,0,0,0,0,0,0,27
D_0__Bacteria;D_1__Verrucomicrobia;D_2__Verrucomicrobiae;D_3__Verrucomicrobiales;D_4__Verrucomicrobiaceae;D_5__Prosthecobacter;__,0,0,0,0,0,0,0,2,0,0,10,0,0,0,0,0,2,3,0,0,0,0,0,0,0,0,5,0,0,0,0,0,0,0,0
D_0__Bacteria;D_1__Verrucomicrobia;D_2__Verrucomicrobiae;D_3__Verrucomicrobiales;D_4__Verrucomicrobiaceae;D_5__uncultured;D_6__uncultured bacterium,0,0,0,0,0,0,0,0,0,0,0,10,0,0,0,7,3,8,0,0,0,0,0,0,0,0,0,0,0,0,0,0,0,0,0
D_0__Bacteria;D_1__Verrucomicrobia;D_2__Verrucomicrobiae;D_3__uncultured;D_4__uncultured bacterium;D_5__uncultured bacterium;D_6__uncultured bacterium,0,0,0,0,0,8,0,0,0,0,0,0,0,0,0,0,0,0,12,10,0,0,0,0,0,0,0,341,534,0,0,44,18,411,118
D_0__Bacteria;D_1__WS1;Ambiguous_taxa;Ambiguous_taxa;Ambiguous_taxa;Ambiguous_taxa;Ambiguous_taxa,0,0,6,0,8,0,0,0,3,0,0,0,0,11,0,0,0,0,0,0,0,0,0,6,0,6,0,0,0,0,0,0,0,0,0
D_0__Bacteria;D_1__WS1;D_2__uncultured bacterium;D_3__uncultured bacterium;D_4__uncultured bacterium;D_5__uncultured bacterium;D_6__uncultured bacterium,0,0,0,0,0,0,0,0,0,0,0,14,0,0,0,0,0,13,0,0,0,6,0,0,0,0,0,0,0,0,0,0,0,0,5
D_0__Bacteria;D_1__WS4;D_2__uncultured bacterium;D_3__uncultured bacterium;D_4__uncultured bacterium;D_5__uncultured bacterium;D_6__uncultured bacterium,0,0,0,0,0,0,0,0,0,0,0,7,0,18,0,0,0,5,0,0,6,7,0,0,0,0,13,0,0,0,0,0,0,0,0
D_0__Bacteria;__;__;__;__;__;__,6,41,57,14,109,12,13,21,11,2892,58,287,5455,174,14415,12,348,137,29,1497,69,55,3,16,0,29,97,18,321,18,38,23,675,56,1279
Unassigned;__;__;__;__;__;__,0,0,50,0,104,0,0,0,4,0,0,13,0,67,0,0,0,5,0,0,46,59,0,43,0,23,66,0,0,6,0,0,0,0,16